Id,Area,Bedrooms,Bathrooms,Floors,YearBuilt,Location,Condition,Garage,Price
1,1360,5,4,3,1970,Mumbai,Excellent,No,19480000
2,4272,5,4,3,1958,Mumbai,Excellent,No,27770000
3,3592,2,2,3,1938,Mumbai,Good,No,27000000
4,966,4,2,2,1902,Pune,Fair,Yes,20600000
5,4926,1,4,2,1975,Mumbai,Fair,Yes,40270000
6,3944,1,2,1,1906,Bengaluru,Poor,No,16510000
7,3671,1,1,2,1948,Bijapur,Poor,Yes,34140000
8,3419,2,4,1,1925,Pune,Good,Yes,38230000
9,630,2,2,1,1932,Bijapur,Poor,Yes,43190000
10,2185,3,3,1,2000,Mumbai,Poor,No,26370000
11,1269,1,4,2,1947,Pune,Poor,Yes,41220000
12,2891,4,4,3,1978,Bengaluru,Excellent,Yes,23360000
13,2933,4,3,2,1901,Mumbai,Poor,No,49100000
14,1684,1,1,1,2004,Bijapur,Good,No,30380000
15,3885,1,3,1,1970,Bengaluru,Fair,Yes,28660000
16,4617,1,4,2,1931,Mumbai,Poor,No,45970000
17,3404,2,1,1,1903,Bengaluru,Fair,Yes,23770000
18,974,2,2,1,1919,Mumbai,Poor,Yes,51260000
19,1582,2,2,2,2013,Pune,Good,No,54940000
20,3058,5,2,2,2016,Mumbai,Excellent,No,24330000
21,2547,4,4,2,1935,Pune,Good,Yes,56850000
22,3247,4,3,1,1931,Mumbai,Excellent,No,47660000
23,1475,3,1,1,1927,Mumbai,Poor,No,42610000
24,2306,2,2,3,1976,Bijapur,Poor,Yes,32600000
25,689,5,1,3,1900,Bengaluru,Excellent,Yes,41780000
26,3234,5,4,2,1959,Bengaluru,Good,Yes,38520000
27,3505,4,2,3,1955,Bengaluru,Good,Yes,44430000
28,2399,2,4,1,1934,Mumbai,Excellent,Yes,35650000
29,1767,3,3,3,2011,Mumbai,Poor,Yes,53300000
30,2028,2,4,1,1929,Mumbai,Excellent,No,22510000
31,3702,1,4,2,1953,Pune,Poor,No,47850000
32,4056,2,3,2,1935,Pune,Excellent,Yes,46370000
33,4390,1,1,1,2020,Bijapur,Poor,No,25760000
34,1146,1,3,3,1954,Mumbai,Excellent,No,42790000
35,3388,3,3,2,1988,Bengaluru,Fair,Yes,19270000
36,2935,4,4,2,1979,Bengaluru,Poor,No,55690000
37,1100,2,1,3,1957,Bijapur,Good,No,46120000
38,2863,1,2,3,1982,Bengaluru,Excellent,Yes,50750000
39,2561,2,3,1,1964,Bijapur,Good,No,50310000
40,741,4,1,3,1968,Mumbai,Excellent,No,22660000
41,2541,4,3,3,1950,Bengaluru,Good,Yes,28960000
42,3324,5,3,3,1921,Mumbai,Good,No,53500000
43,3112,4,3,1,1987,Pune,Excellent,No,30240000
44,1863,3,3,1,2006,Bengaluru,Excellent,No,41200000
45,1978,1,4,2,2008,Pune,Good,Yes,38960000
46,3056,5,1,1,2015,Bengaluru,Good,Yes,26330000
47,1275,3,1,2,2000,Mumbai,Good,No,23870000
48,4514,2,1,3,1952,Bijapur,Poor,No,57860000
49,534,1,3,2,1999,Mumbai,Poor,Yes,44430000
50,3652,4,4,2,1935,Mumbai,Fair,Yes,53190000
51,2455,1,3,3,1967,Mumbai,Poor,No,40680000
52,2085,2,3,2,1935,Bengaluru,Poor,Yes,31460000
53,4443,5,1,1,1951,Bijapur,Excellent,No,55490000
54,3573,5,3,1,1952,Pune,Fair,No,39100000
55,1521,5,2,1,1981,Mumbai,Fair,Yes,24330000
56,3961,4,3,1,1949,Bengaluru,Poor,Yes,47960000
57,3113,3,2,2,1979,Pune,Excellent,No,51770000
58,4343,3,3,2,1940,Mumbai,Excellent,No,49880000
59,2000,1,4,3,1917,Pune,Fair,Yes,18910000
60,661,4,4,2,1921,Mumbai,Excellent,No,17260000
61,4797,5,1,2,1965,Pune,Good,Yes,42600000
62,2481,5,3,2,1920,Pune,Poor,Yes,25750000
63,1495,2,2,3,1999,Bijapur,Good,Yes,48610000
64,3842,2,2,1,1943,Bijapur,Fair,Yes,12930000
65,4298,5,3,2,2002,Mumbai,Fair,Yes,21990000
66,1775,5,2,3,1946,Bengaluru,Excellent,No,44890000
67,1516,4,4,3,1938,Bijapur,Excellent,Yes,38400000
68,837,3,2,3,1928,Pune,Fair,Yes,44750000
69,1378,2,1,1,1953,Bijapur,Fair,Yes,39340000
70,1576,3,4,2,1989,Bijapur,Good,Yes,30250000
71,4493,4,4,3,1984,Mumbai,Good,Yes,41670000
72,879,5,4,1,1916,Bijapur,Excellent,Yes,41470000
73,992,3,3,3,1979,Bijapur,Good,Yes,41460000
74,2562,5,3,3,1959,Pune,Excellent,No,49620000
75,4384,5,4,3,1930,Bijapur,Excellent,No,17180000
76,564,1,3,3,2014,Pune,Poor,No,43830000
77,3068,3,2,3,1972,Bijapur,Excellent,No,48010000
78,2527,3,3,1,1994,Bijapur,Good,Yes,20240000
79,3195,5,3,2,1977,Bengaluru,Fair,No,53750000
80,1995,4,4,2,1948,Bijapur,Fair,Yes,50840000
81,891,1,1,2,2000,Pune,Good,No,36230000
82,4974,5,1,2,1901,Pune,Fair,No,44820000
83,4061,2,1,1,2015,Mumbai,Excellent,Yes,36290000
84,2778,2,2,1,1947,Mumbai,Fair,Yes,14260000
85,3599,1,3,1,2009,Bengaluru,Good,No,53440000
86,700,4,1,3,1913,Pune,Fair,No,29950000
87,3604,5,4,3,1958,Pune,Excellent,No,21380000
88,2954,3,1,3,1996,Pune,Excellent,No,41870000
89,4145,1,1,2,1998,Bengaluru,Good,Yes,36380000
90,1304,4,3,3,1957,Pune,Good,No,31640000
91,3231,3,3,2,2002,Mumbai,Good,No,29530000
92,3273,2,3,3,1957,Bengaluru,Poor,No,46770000
93,2070,2,2,2,2010,Mumbai,Poor,No,34310000
94,3190,3,2,3,1950,Mumbai,Excellent,No,40690000
95,4340,1,1,3,1983,Bengaluru,Poor,Yes,57740000
96,1528,2,3,1,1901,Bijapur,Poor,Yes,31120000
97,1002,5,1,3,2014,Bijapur,Fair,Yes,48130000
98,4993,3,4,3,1940,Mumbai,Poor,Yes,44530000
99,1370,3,4,1,1982,Bijapur,Fair,Yes,53450000
100,4988,2,3,2,2022,Pune,Good,No,48270000
101,706,1,3,1,2000,Bengaluru,Fair,Yes,27880000
102,1984,5,4,1,1981,Mumbai,Fair,Yes,29560000
103,1363,1,3,2,1915,Pune,Good,No,30850000
104,3290,4,2,3,1903,Bijapur,Good,Yes,27930000
105,1063,4,2,2,1911,Pune,Excellent,Yes,19100000
106,4691,2,3,3,1928,Bijapur,Excellent,Yes,39320000
107,2257,2,4,3,1906,Mumbai,Excellent,Yes,27260000
108,2178,2,1,2,1913,Pune,Excellent,No,38660000
109,3742,4,3,1,2018,Bengaluru,Fair,No,38450000
110,1559,1,3,2,1911,Mumbai,Fair,Yes,41000000
111,2222,1,1,3,1998,Pune,Excellent,No,28480000
112,3814,2,3,2,1904,Pune,Poor,Yes,51170000
113,3657,5,1,2,1980,Bijapur,Excellent,No,52610000
114,3125,1,4,3,2021,Mumbai,Poor,No,28530000
115,3229,4,2,1,2005,Mumbai,Good,No,20790000
116,2097,3,4,2,1931,Mumbai,Fair,No,49280000
117,3560,3,2,3,1973,Mumbai,Fair,No,32640000
118,3193,3,1,3,1942,Bijapur,Poor,No,45500000
119,4127,5,2,2,1980,Bengaluru,Excellent,No,32730000
120,1863,2,4,1,1968,Mumbai,Fair,No,57990000
121,2481,4,2,2,1944,Bijapur,Poor,No,22130000
122,2163,5,1,1,2005,Bengaluru,Good,No,22600000
123,2029,4,2,1,1908,Bengaluru,Good,No,24660000
124,2538,4,3,1,1948,Bijapur,Fair,Yes,29530000
125,3802,2,4,1,1932,Mumbai,Excellent,No,19610000
126,2737,3,3,2,1999,Bengaluru,Poor,Yes,45360000
127,1806,2,1,3,1999,Mumbai,Fair,No,30120000
128,4529,5,2,3,1917,Mumbai,Good,Yes,39700000
129,3175,5,3,3,1908,Pune,Excellent,Yes,38930000
130,1782,5,3,3,1961,Mumbai,Poor,Yes,21780000
131,1209,2,2,3,1956,Pune,Fair,No,43700000
132,4913,4,2,3,1928,Bengaluru,Poor,No,50750000
133,4248,4,4,2,2013,Bijapur,Excellent,No,14260000
134,1163,1,3,1,1977,Pune,Excellent,No,25590000
135,2498,5,3,3,1924,Bijapur,Good,Yes,35720000
136,3945,4,1,2,1914,Bengaluru,Excellent,No,44090000
137,4243,1,4,3,1905,Mumbai,Fair,No,21360000
138,1995,4,1,3,2019,Bengaluru,Poor,No,31160000
139,3804,5,3,1,1941,Bijapur,Excellent,No,14800000
140,4263,3,1,1,1928,Bengaluru,Excellent,No,39270000
141,2353,5,3,1,1978,Mumbai,Fair,No,29180000
142,1791,2,3,3,1992,Bengaluru,Poor,No,43380000
143,4081,4,1,3,1903,Mumbai,Poor,No,50090000
144,3957,4,1,3,1981,Pune,Good,Yes,53160000
145,2136,2,2,1,2013,Bijapur,Good,Yes,49110000
146,4196,2,2,2,1956,Mumbai,Poor,No,29280000
147,3499,3,2,3,1948,Mumbai,Fair,No,39150000
148,3652,4,3,3,1943,Bengaluru,Fair,No,19230000
149,1198,4,1,3,2002,Pune,Good,No,31620000
150,2660,3,4,2,1979,Mumbai,Excellent,Yes,49690000
151,4597,1,3,3,1974,Pune,Fair,Yes,45650000
152,1354,3,4,2,1913,Pune,Excellent,No,15590000
153,3974,5,1,3,1902,Bengaluru,Fair,Yes,43430000
154,2207,4,3,2,2014,Mumbai,Poor,Yes,22730000
155,3277,2,4,3,2013,Bengaluru,Good,No,55760000
156,2233,5,4,1,1961,Bijapur,Excellent,No,38630000
157,4010,4,2,1,2005,Bijapur,Excellent,No,37630000
158,702,3,2,1,1963,Mumbai,Poor,Yes,24090000
159,3755,5,2,1,2001,Pune,Fair,Yes,29660000
160,4718,4,3,3,1944,Mumbai,Excellent,No,23110000
161,4996,1,1,1,2005,Mumbai,Fair,No,30470000
162,1266,1,1,2,1981,Bijapur,Poor,Yes,44870000
163,4889,2,2,1,1957,Bijapur,Good,Yes,24920000
164,2827,4,2,1,1919,Pune,Excellent,No,29490000
165,3431,1,2,1,1957,Pune,Fair,Yes,18650000
166,697,3,4,3,2011,Mumbai,Excellent,No,38460000
167,2430,4,2,1,1988,Bengaluru,Fair,No,31010000
168,4082,3,4,2,1956,Mumbai,Fair,Yes,36990000
169,1108,3,1,1,2001,Pune,Fair,Yes,45910000
170,3772,1,3,1,1976,Bengaluru,Poor,Yes,14110000
171,1647,4,3,1,1967,Bijapur,Good,No,25170000
172,4782,5,3,2,2018,Pune,Excellent,No,38780000
173,3897,1,3,1,1977,Pune,Good,No,38190000
174,3011,1,4,2,1996,Bengaluru,Fair,No,41270000
175,2294,4,4,2,1991,Pune,Fair,No,44740000
176,1159,4,2,1,1951,Pune,Good,No,44610000
177,3311,3,4,2,1936,Pune,Good,Yes,44760000
178,1869,4,2,3,1907,Pune,Excellent,No,41620000
179,2486,3,2,1,1943,Pune,Fair,No,26000000
180,646,1,3,1,1997,Pune,Good,No,54320000
181,3719,2,4,2,2007,Pune,Poor,No,35970000
182,3411,5,4,2,1904,Pune,Fair,Yes,47160000
183,2234,1,2,1,2017,Bijapur,Fair,No,45950000
184,2343,4,2,3,1968,Pune,Excellent,Yes,51430000
185,988,5,1,2,1930,Bijapur,Poor,Yes,55490000
186,3476,2,1,2,1944,Bijapur,Excellent,No,29930000
187,2459,2,2,3,1908,Mumbai,Poor,No,20300000
188,2885,3,1,3,2005,Mumbai,Excellent,Yes,38210000
189,3419,5,1,1,1931,Bijapur,Poor,Yes,50510000
190,2302,3,2,3,1932,Bijapur,Poor,No,31330000
191,4561,1,2,1,1966,Pune,Poor,Yes,30820000
192,3869,5,4,3,1929,Mumbai,Good,No,54330000
193,762,1,2,2,2013,Bengaluru,Fair,No,45650000
194,1123,3,2,1,1975,Mumbai,Poor,Yes,29980000
195,1516,5,3,1,1928,Bijapur,Good,No,30900000
196,4143,3,4,1,1902,Bijapur,Good,No,38840000
197,2549,5,4,3,1989,Pune,Excellent,No,41700000
198,4223,3,4,2,1956,Pune,Fair,Yes,27630000
199,3608,2,3,1,1929,Mumbai,Fair,Yes,35300000
200,4590,3,2,1,1908,Pune,Excellent,Yes,32060000
201,2556,2,4,1,1925,Bengaluru,Fair,No,20360000
202,3670,3,4,1,1901,Bengaluru,Excellent,Yes,52460000
203,2182,5,1,2,1961,Pune,Good,Yes,46440000
204,2755,5,4,3,1902,Bengaluru,Good,Yes,45540000
205,1654,5,2,2,1945,Bengaluru,Poor,No,26310000
206,4999,4,2,1,1967,Mumbai,Excellent,No,21790000
207,3691,1,1,2,1924,Bengaluru,Good,Yes,28890000
208,2196,5,4,1,1950,Bijapur,Good,Yes,14950000
209,4491,2,4,3,1912,Bijapur,Excellent,Yes,49120000
210,2148,5,4,3,2002,Mumbai,Good,No,20320000
211,1945,4,3,3,1943,Pune,Fair,Yes,49500000
212,4699,2,4,1,1934,Mumbai,Good,No,32690000
213,4423,4,2,2,1954,Pune,Excellent,No,51290000
214,753,2,2,3,1986,Pune,Fair,No,47870000
215,3683,3,3,1,1908,Pune,Fair,Yes,55840000
216,3057,1,3,1,1901,Pune,Good,Yes,31050000
217,598,1,4,2,1960,Pune,Poor,No,29450000
218,2700,4,1,3,2017,Mumbai,Fair,No,39210000
219,3461,1,3,1,1940,Pune,Excellent,No,38730000
220,4933,4,3,2,1943,Bengaluru,Poor,No,44740000
221,4277,4,4,3,1963,Bengaluru,Poor,Yes,53720000
222,3369,4,4,2,1930,Pune,Fair,Yes,48040000
223,3734,1,3,2,2007,Bengaluru,Good,No,44160000
224,4291,4,1,1,1946,Bijapur,Poor,No,25970000
225,1456,1,3,1,1901,Mumbai,Good,No,24950000
226,4567,4,4,1,1995,Mumbai,Fair,Yes,51870000
227,660,5,4,2,1981,Pune,Excellent,No,42460000
228,4993,4,3,1,1976,Pune,Poor,Yes,49270000
229,1800,2,1,2,2009,Bijapur,Excellent,No,44140000
230,4487,4,3,2,1968,Pune,Good,Yes,23410000
231,2027,3,3,1,1957,Bengaluru,Good,Yes,36070000
232,1718,4,4,3,2005,Bijapur,Excellent,No,19520000
233,4996,2,1,3,1943,Bengaluru,Fair,Yes,44250000
234,3604,2,2,3,1973,Mumbai,Fair,Yes,36620000
235,3235,1,1,2,1955,Bengaluru,Poor,Yes,27780000
236,1454,5,3,2,1942,Mumbai,Poor,Yes,30510000
237,3946,4,3,2,1988,Bengaluru,Fair,No,34220000
238,1545,1,3,1,1933,Mumbai,Fair,No,40520000
239,2193,5,1,2,2000,Pune,Excellent,No,51040000
240,3936,4,4,1,1929,Bengaluru,Good,No,29330000
241,1062,3,3,1,1970,Mumbai,Good,No,35390000
242,2985,4,3,3,1969,Bengaluru,Poor,Yes,54660000
243,3854,2,1,3,2017,Bijapur,Fair,Yes,32200000
244,725,2,2,3,1954,Pune,Excellent,Yes,45260000
245,1459,3,2,1,1966,Mumbai,Poor,Yes,20000000
246,3567,1,4,1,1912,Bijapur,Excellent,No,19470000
247,1315,5,4,1,1902,Bengaluru,Fair,No,39360000
248,3620,4,3,2,1925,Bijapur,Fair,Yes,50350000
249,516,2,1,1,1956,Bengaluru,Fair,No,54990000
250,1743,1,3,3,1923,Pune,Good,Yes,21850000
251,2705,3,4,3,1952,Bijapur,Fair,Yes,47310000
252,3024,2,1,1,1969,Pune,Poor,No,52630000
253,1569,3,1,1,1942,Mumbai,Good,No,40810000
254,3944,4,4,3,1959,Bengaluru,Excellent,No,42230000
255,3065,5,2,1,1957,Bengaluru,Poor,No,24620000
256,1560,2,2,3,1948,Pune,Poor,No,54700000
257,2827,2,1,2,1941,Pune,Excellent,No,26260000
258,3920,4,3,3,1975,Mumbai,Good,No,44780000
259,801,1,2,2,2012,Bijapur,Poor,Yes,49590000
260,4776,5,3,1,1999,Bengaluru,Poor,No,50480000
261,1106,2,2,1,1965,Bengaluru,Poor,Yes,20740000
262,3670,5,2,2,1910,Mumbai,Good,Yes,38650000
263,1199,2,3,1,2002,Mumbai,Good,No,35840000
264,1639,5,4,2,1997,Pune,Good,Yes,22290000
265,690,3,2,1,1989,Pune,Poor,No,19500000
266,2800,2,2,3,1917,Bijapur,Fair,Yes,31000000
267,1480,5,3,1,1984,Mumbai,Excellent,Yes,44160000
268,3475,1,4,3,1999,Bijapur,Fair,Yes,58360000
269,1684,3,2,3,2003,Mumbai,Good,No,22590000
270,3827,3,2,2,1951,Bengaluru,Poor,Yes,33440000
271,3894,1,4,1,1945,Mumbai,Poor,Yes,47710000
272,627,5,2,2,1943,Mumbai,Fair,Yes,54670000
273,2565,4,4,1,1921,Bengaluru,Fair,No,13720000
274,2316,1,4,3,1952,Mumbai,Excellent,Yes,25130000
275,1069,5,3,3,1958,Bijapur,Poor,No,33080000
276,2395,1,1,1,1993,Pune,Fair,Yes,45520000
277,3233,1,4,1,2013,Pune,Excellent,Yes,43550000
278,4363,2,3,2,2006,Bijapur,Good,Yes,45930000
279,4514,5,1,1,2023,Bengaluru,Fair,No,57090000
280,3401,4,2,1,1929,Mumbai,Good,Yes,53240000
281,2186,2,1,1,1907,Bijapur,Excellent,Yes,19450000
282,3509,1,4,2,1997,Pune,Good,Yes,20950000
283,654,1,4,1,1956,Pune,Poor,Yes,42940000
284,3037,1,4,3,2010,Bijapur,Poor,No,17160000
285,1909,5,4,2,1972,Pune,Good,Yes,44940000
286,4557,5,4,2,2014,Bijapur,Poor,Yes,21300000
287,1284,2,3,3,1919,Pune,Excellent,Yes,24180000
288,3675,4,4,3,2003,Bijapur,Poor,Yes,33010000
289,4841,2,3,3,1924,Mumbai,Good,No,44640000
290,3306,3,2,1,1918,Mumbai,Good,Yes,37790000
291,1037,1,4,3,1904,Mumbai,Good,Yes,35940000
292,2341,1,4,1,1974,Mumbai,Fair,No,43140000
293,2955,1,1,2,1978,Pune,Good,Yes,48690000
294,1024,2,2,2,1971,Bengaluru,Excellent,Yes,22140000
295,3450,2,4,3,1982,Bijapur,Poor,Yes,41000000
296,4631,1,4,1,1986,Bengaluru,Poor,No,19240000
297,4615,2,2,3,1926,Pune,Fair,Yes,35420000
298,2868,5,3,3,1939,Pune,Fair,No,44190000
299,4347,5,4,1,1995,Bengaluru,Excellent,No,30220000
300,4995,2,1,3,1925,Bengaluru,Good,No,24190000
301,3201,1,4,2,1926,Pune,Fair,No,45690000
302,1471,2,1,3,1961,Pune,Poor,No,16270000
303,1666,2,1,1,1982,Bijapur,Fair,No,55710000
304,3274,2,4,1,1949,Mumbai,Fair,No,49220000
305,2482,3,4,2,1941,Mumbai,Good,Yes,36250000
306,1353,5,1,1,1928,Bijapur,Fair,Yes,35550000
307,4646,4,2,1,1938,Bengaluru,Excellent,No,21330000
308,4236,4,2,2,1959,Pune,Poor,No,19930000
309,4269,3,4,3,1940,Bengaluru,Good,No,37590000
310,1074,2,3,2,1932,Mumbai,Poor,No,21190000
311,3761,3,2,3,1982,Mumbai,Excellent,No,38040000
312,1648,3,4,2,2000,Bengaluru,Excellent,No,31170000
313,2215,1,2,3,1982,Mumbai,Fair,Yes,38570000
314,4354,5,3,2,1996,Pune,Fair,Yes,43980000
315,2991,4,4,3,2010,Bijapur,Fair,No,27870000
316,3160,2,3,2,1915,Bengaluru,Poor,No,42510000
317,3624,4,4,3,1922,Pune,Excellent,No,54350000
318,3551,4,3,2,1906,Pune,Good,Yes,24340000
319,504,5,2,1,1925,Mumbai,Fair,No,19410000
320,1376,4,2,3,1995,Pune,Poor,Yes,49430000
321,1491,4,3,2,1911,Bengaluru,Fair,Yes,17930000
322,4642,3,3,3,1971,Pune,Excellent,Yes,28030000
323,4864,5,3,3,1904,Bijapur,Good,No,51920000
324,4965,1,4,2,2005,Pune,Excellent,No,32750000
325,1135,2,2,3,1991,Pune,Poor,Yes,32640000
326,2193,4,4,2,2016,Bijapur,Fair,Yes,50110000
327,2182,2,2,1,1968,Pune,Excellent,Yes,24760000
328,619,1,1,3,1948,Pune,Poor,Yes,54000000
329,1330,2,4,1,1925,Mumbai,Fair,No,31190000
330,4175,1,2,3,1904,Bengaluru,Good,Yes,37330000
331,1869,3,2,3,1921,Mumbai,Excellent,No,51970000
332,1240,4,4,3,1978,Bengaluru,Fair,Yes,20390000
333,616,1,4,2,1912,Bijapur,Fair,No,54360000
334,3338,2,2,1,1927,Bijapur,Fair,Yes,33200000
335,1650,4,4,3,1932,Bijapur,Fair,No,50040000
336,2431,3,3,2,2006,Bengaluru,Excellent,No,14130000
337,1512,4,4,3,1922,Bengaluru,Fair,No,18330000
338,2164,1,4,2,1996,Bengaluru,Poor,Yes,20150000
339,1581,3,4,3,2006,Bijapur,Excellent,No,51510000
340,1012,2,2,1,1917,Bengaluru,Fair,Yes,50050000
341,3349,3,3,1,2013,Pune,Excellent,No,42070000
342,1059,3,1,3,2016,Mumbai,Poor,No,28660000
343,4172,5,1,2,1929,Bijapur,Poor,Yes,47060000
344,3843,3,3,3,1925,Mumbai,Excellent,No,48890000
345,4570,3,3,2,1915,Pune,Fair,No,29410000
346,1970,4,3,3,1976,Bengaluru,Fair,Yes,30760000
347,1080,2,2,2,1938,Mumbai,Poor,No,48740000
348,2794,4,1,1,1932,Pune,Fair,No,50260000
349,3647,4,3,3,1925,Pune,Poor,No,41070000
350,4749,1,2,1,1947,Mumbai,Fair,No,17270000
351,2179,4,1,1,1964,Bijapur,Poor,Yes,22810000
352,4006,5,4,3,2012,Mumbai,Good,No,42500000
353,3244,5,2,3,1937,Bijapur,Fair,No,29800000
354,3856,1,1,2,1901,Bengaluru,Fair,No,40650000
355,4545,2,2,2,2012,Bijapur,Fair,No,18480000
356,1743,2,1,1,1905,Bengaluru,Excellent,No,38420000
357,3618,4,1,2,1945,Mumbai,Fair,No,44960000
358,2641,4,4,2,1949,Bengaluru,Excellent,No,51110000
359,3559,4,2,3,1937,Pune,Excellent,No,51420000
360,3459,2,3,2,2005,Bengaluru,Poor,Yes,20250000
361,2765,3,4,1,1987,Bijapur,Excellent,Yes,24770000
362,2979,5,4,2,1917,Bijapur,Excellent,Yes,42410000
363,2135,3,1,1,1926,Bijapur,Good,Yes,52370000
364,2257,3,3,3,1940,Bengaluru,Fair,No,29270000
365,4952,2,2,1,1971,Bijapur,Excellent,No,38730000
366,2570,3,3,2,1991,Bijapur,Fair,Yes,18760000
367,3349,1,3,3,1973,Pune,Excellent,Yes,42010000
368,3751,4,3,2,1916,Bengaluru,Poor,Yes,55930000
369,4230,1,3,3,2018,Pune,Good,No,12660000
370,2989,5,3,3,1961,Bijapur,Excellent,No,51920000
371,2131,4,1,2,1928,Bijapur,Fair,Yes,33540000
372,3316,3,1,2,1957,Bijapur,Poor,Yes,38760000
373,1515,5,4,3,1969,Bengaluru,Fair,Yes,48020000
374,1848,4,1,3,1977,Mumbai,Poor,Yes,50690000
375,3587,3,4,2,1921,Bijapur,Good,Yes,42800000
376,3339,1,4,1,2017,Bijapur,Poor,No,56770000
377,835,4,2,2,1905,Bijapur,Fair,Yes,31420000
378,1395,3,3,3,1925,Bijapur,Fair,No,54080000
379,4046,1,1,2,1938,Bengaluru,Excellent,Yes,19360000
380,1351,5,2,1,1911,Mumbai,Poor,Yes,19620000
381,2187,5,1,2,1998,Mumbai,Fair,No,26130000
382,2431,5,4,3,1913,Mumbai,Excellent,Yes,31040000
383,4246,5,1,2,1921,Bijapur,Good,No,43980000
384,2927,2,3,3,1950,Bijapur,Fair,No,32780000
385,2068,4,4,3,1922,Mumbai,Excellent,Yes,20640000
386,4500,4,4,2,1947,Mumbai,Fair,Yes,24830000
387,3238,2,2,3,1970,Bijapur,Poor,No,35240000
388,3998,3,3,3,2003,Bijapur,Excellent,No,54770000
389,4413,3,4,1,1949,Pune,Poor,Yes,29770000
390,1566,5,3,1,1988,Pune,Good,No,52000000
391,4880,1,1,1,1912,Pune,Poor,Yes,23030000
392,2944,3,3,1,1984,Mumbai,Excellent,No,38410000
393,4607,1,4,3,2004,Bengaluru,Fair,Yes,36470000
394,3873,4,2,2,1909,Bijapur,Excellent,No,45200000
395,4469,1,4,3,2016,Pune,Poor,No,27790000
396,3046,4,3,3,1954,Bengaluru,Poor,Yes,27700000
397,1253,2,3,3,2022,Bijapur,Fair,No,21310000
398,2582,2,4,2,1908,Bengaluru,Good,No,48620000
399,3274,5,3,1,1978,Mumbai,Excellent,No,33450000
400,3396,3,1,3,1951,Mumbai,Fair,No,38940000
401,4685,5,4,3,1901,Mumbai,Fair,No,38580000
402,1275,4,2,1,1924,Pune,Fair,No,30770000
403,2125,5,4,3,1912,Bijapur,Excellent,No,36270000
404,3569,1,1,2,1997,Mumbai,Excellent,Yes,32040000
405,917,4,1,3,1950,Pune,Excellent,No,45970000
406,614,2,1,3,1957,Pune,Good,No,57440000
407,1116,3,1,1,1933,Pune,Fair,Yes,44630000
408,4474,4,1,3,1934,Pune,Poor,No,39540000
409,3767,4,2,3,2001,Mumbai,Poor,No,48210000
410,1325,1,3,2,1902,Pune,Fair,Yes,20970000
411,2016,3,1,1,2005,Mumbai,Poor,No,40760000
412,3646,2,1,1,2019,Mumbai,Good,No,44590000
413,912,4,4,2,1958,Pune,Good,Yes,42420000
414,1228,4,2,3,1969,Mumbai,Excellent,Yes,26370000
415,3848,1,2,1,2018,Bijapur,Excellent,No,47800000
416,3308,5,3,1,1947,Bijapur,Excellent,No,48460000
417,1175,2,2,3,1963,Bengaluru,Excellent,Yes,29740000
418,3965,3,4,3,2012,Bijapur,Excellent,No,41620000
419,3004,4,4,1,1918,Mumbai,Poor,Yes,19330000
420,3467,4,3,3,1966,Mumbai,Poor,Yes,27180000
421,3286,2,4,1,1981,Bijapur,Excellent,Yes,46350000
422,1622,5,1,3,2002,Pune,Good,No,35880000
423,4579,4,1,3,1972,Pune,Poor,Yes,20880000
424,2071,2,4,2,2015,Mumbai,Good,Yes,29820000
425,2643,1,3,3,1975,Pune,Good,Yes,37250000
426,2187,5,2,2,1904,Bengaluru,Fair,No,19310000
427,4632,3,3,3,1966,Bengaluru,Fair,No,42060000
428,4351,4,2,1,1910,Bijapur,Excellent,No,35150000
429,3940,2,4,1,2020,Bijapur,Good,Yes,52280000
430,4266,1,4,3,1993,Pune,Poor,No,18510000
431,2826,3,1,3,1967,Mumbai,Fair,No,28570000
432,3414,2,2,1,1968,Bijapur,Fair,Yes,50400000
433,4452,2,3,3,1900,Bengaluru,Good,Yes,37110000
434,1095,3,4,2,1990,Bijapur,Fair,No,41040000
435,1228,1,3,2,1991,Bijapur,Fair,No,33190000
436,1865,1,1,2,1962,Bengaluru,Poor,Yes,40670000
437,4992,5,2,2,1928,Mumbai,Good,No,45460000
438,1198,4,2,2,1981,Bijapur,Fair,Yes,56190000
439,895,3,4,3,1911,Bijapur,Good,Yes,36100000
440,4671,3,2,3,1976,Bijapur,Fair,No,41480000
441,4860,3,4,2,1940,Pune,Poor,No,34970000
442,3002,1,1,3,1901,Bijapur,Good,No,36220000
443,2319,4,2,3,1936,Bengaluru,Fair,No,44420000
444,1217,5,4,2,1944,Mumbai,Poor,Yes,27010000
445,3282,2,3,3,1979,Mumbai,Fair,No,55270000
446,4077,2,4,3,1947,Bengaluru,Good,No,55860000
447,643,3,2,3,1923,Pune,Fair,No,43080000
448,3640,4,1,2,1998,Bengaluru,Good,Yes,41420000
449,4991,1,2,3,1921,Mumbai,Good,No,27380000
450,3438,4,2,1,1999,Bengaluru,Fair,No,32480000
451,4136,4,4,1,1910,Pune,Poor,Yes,47380000
452,3722,1,3,2,2018,Mumbai,Excellent,Yes,44260000
453,1667,3,2,1,1957,Pune,Poor,Yes,22360000
454,3116,4,3,2,1945,Bengaluru,Poor,Yes,21250000
455,1562,2,4,1,1928,Bijapur,Fair,Yes,27720000
456,2656,1,3,1,1934,Bengaluru,Poor,No,38370000
457,3482,5,4,1,2011,Pune,Poor,Yes,21460000
458,3794,3,1,2,2017,Bengaluru,Excellent,Yes,32410000
459,1656,1,3,2,1914,Bijapur,Poor,Yes,53750000
460,1232,5,3,3,1959,Pune,Excellent,Yes,48290000
461,4830,5,1,2,1994,Bengaluru,Fair,Yes,38370000
462,1453,4,3,1,1941,Pune,Excellent,Yes,54450000
463,3039,4,1,1,2004,Pune,Good,Yes,40810000
464,3824,4,2,2,1942,Mumbai,Good,Yes,42030000
465,3801,1,4,2,1979,Mumbai,Excellent,No,23760000
466,2042,1,1,2,1973,Pune,Good,No,52220000
467,1691,3,3,3,1948,Bengaluru,Fair,No,48850000
468,3493,4,1,1,1963,Bengaluru,Good,Yes,48510000
469,3181,5,3,3,1931,Bengaluru,Excellent,Yes,34320000
470,1717,2,2,3,1963,Bijapur,Fair,Yes,46620000
471,2040,3,1,1,2014,Pune,Good,No,54520000
472,3736,1,2,1,1901,Pune,Fair,Yes,41390000
473,2886,3,4,2,1923,Bijapur,Excellent,Yes,35420000
474,4219,3,3,2,1986,Pune,Good,Yes,33890000
475,1888,3,3,3,1965,Pune,Fair,No,28470000
476,2356,3,2,2,1937,Bijapur,Fair,No,48150000
477,1865,2,4,2,1930,Mumbai,Good,Yes,23420000
478,999,4,1,1,2014,Pune,Fair,No,47700000
479,2180,5,1,1,2003,Bijapur,Fair,Yes,45550000
480,1010,3,3,2,1925,Bengaluru,Excellent,Yes,44730000
481,4812,3,2,1,1928,Mumbai,Excellent,No,20160000
482,1824,3,2,2,1966,Bengaluru,Excellent,No,16900000
483,1655,4,1,1,2021,Pune,Excellent,No,34840000
484,2327,1,4,1,1977,Mumbai,Excellent,No,46130000
485,3641,1,4,1,1924,Bijapur,Excellent,Yes,32720000
486,3986,2,1,1,1947,Pune,Good,Yes,42010000
487,2310,1,1,2,1964,Bijapur,Excellent,No,54190000
488,3423,3,2,3,1952,Mumbai,Fair,No,40100000
489,2714,3,4,1,1966,Bengaluru,Good,Yes,44170000
490,4686,3,1,2,2017,Pune,Fair,Yes,29960000
491,1213,2,1,2,1989,Pune,Excellent,Yes,48020000
492,4102,3,3,1,1917,Bijapur,Excellent,Yes,26360000
493,4634,1,1,3,1908,Mumbai,Fair,No,18470000
494,4022,4,1,1,1937,Bijapur,Fair,No,44750000
495,4768,4,4,2,1986,Mumbai,Fair,No,38430000
496,1743,5,2,3,1920,Pune,Poor,Yes,40070000
497,4209,1,4,2,2020,Mumbai,Poor,Yes,27700000
498,1581,3,2,1,1964,Pune,Poor,No,32050000
499,955,4,3,3,1920,Mumbai,Poor,No,16920000
500,1394,1,1,2,1926,Bengaluru,Good,No,17500000
501,1884,4,3,2,2005,Mumbai,Excellent,Yes,54910000
502,2458,3,2,2,2022,Bengaluru,Fair,No,20890000
503,3572,4,4,1,1969,Mumbai,Excellent,Yes,34950000
504,2496,5,4,3,2018,Mumbai,Fair,No,42460000
505,4785,5,3,1,1943,Bijapur,Excellent,No,19480000
506,1004,4,2,1,1999,Bijapur,Good,No,15710000
507,1714,1,3,1,1927,Pune,Poor,Yes,31370000
508,2031,1,3,3,1944,Bijapur,Excellent,Yes,42980000
509,3940,1,1,1,1916,Mumbai,Fair,Yes,39740000
510,1323,4,3,1,2022,Bijapur,Excellent,Yes,48910000
511,1428,1,1,1,1939,Mumbai,Good,Yes,21140000
512,633,3,1,1,2021,Bengaluru,Good,Yes,33270000
513,2605,5,4,2,2015,Mumbai,Excellent,No,42280000
514,4127,3,1,1,1902,Pune,Poor,Yes,29290000
515,2352,1,1,2,1975,Bengaluru,Fair,No,38920000
516,4675,3,4,1,2002,Pune,Good,Yes,38680000
517,3433,1,3,3,1975,Pune,Good,No,42820000
518,3784,4,2,2,1965,Pune,Excellent,No,38310000
519,4798,3,2,2,2019,Bijapur,Good,Yes,51800000
520,3311,4,2,2,1945,Pune,Good,No,36080000
521,1750,4,3,2,1985,Bengaluru,Fair,Yes,21950000
522,4012,2,1,3,1986,Mumbai,Poor,Yes,55360000
523,1756,1,2,1,1929,Pune,Fair,Yes,51530000
524,3876,5,3,2,1968,Bengaluru,Poor,Yes,27060000
525,3986,1,1,3,1908,Pune,Fair,No,36460000
526,4084,5,4,2,1984,Mumbai,Excellent,Yes,22710000
527,1896,1,2,1,1910,Bengaluru,Good,No,44900000
528,4137,4,1,2,1968,Bengaluru,Poor,No,37770000
529,3830,3,2,3,1998,Mumbai,Excellent,No,37360000
530,3203,3,2,1,1990,Bengaluru,Good,Yes,24580000
531,970,2,2,3,2012,Mumbai,Good,No,50410000
532,1853,5,1,1,1965,Bengaluru,Good,Yes,35210000
533,3283,5,3,1,1987,Bengaluru,Fair,No,20660000
534,3331,5,1,1,1930,Mumbai,Excellent,Yes,57860000
535,857,4,2,2,1932,Mumbai,Excellent,Yes,18840000
536,3519,5,1,3,1938,Bengaluru,Good,Yes,32030000
537,1167,3,4,3,1993,Bengaluru,Poor,Yes,38760000
538,4968,4,3,3,1945,Mumbai,Excellent,No,36330000
539,1645,1,1,1,1936,Bijapur,Fair,No,55880000
540,4685,5,4,2,2014,Mumbai,Poor,Yes,13160000
541,4219,5,3,1,1991,Bengaluru,Poor,No,16700000
542,3245,1,4,3,1959,Bengaluru,Poor,Yes,42470000
543,1039,5,3,2,1930,Bengaluru,Poor,Yes,25440000
544,3279,1,1,2,1910,Mumbai,Excellent,No,32080000
545,4636,4,4,2,1986,Bengaluru,Good,Yes,34740000
546,4275,3,2,3,2020,Bijapur,Poor,Yes,26960000
547,3008,1,4,2,1901,Pune,Fair,Yes,44690000
548,3279,2,3,2,2003,Bijapur,Fair,Yes,26460000
549,1424,1,1,1,2004,Mumbai,Good,Yes,33140000
550,3456,5,3,1,1926,Bengaluru,Excellent,No,32260000
551,2081,4,4,2,1998,Mumbai,Good,No,41320000
552,3824,4,4,2,1901,Pune,Poor,No,21360000
553,4985,1,2,1,2002,Mumbai,Excellent,Yes,51190000
554,755,3,1,1,2000,Bengaluru,Excellent,Yes,55140000
555,2338,2,1,1,1920,Pune,Poor,Yes,27790000
556,2444,4,4,3,1957,Pune,Fair,Yes,37260000
557,509,5,1,3,1904,Bengaluru,Poor,Yes,46060000
558,3371,5,2,1,1951,Bengaluru,Good,Yes,30350000
559,1297,3,3,2,1944,Bengaluru,Poor,No,24160000
560,1515,4,1,1,1984,Mumbai,Fair,Yes,42760000
561,2324,1,4,3,1992,Bijapur,Poor,No,30330000
562,4969,5,3,2,1919,Mumbai,Good,Yes,23140000
563,3636,3,3,3,1960,Mumbai,Good,No,24330000
564,2693,4,2,2,1937,Bijapur,Fair,Yes,21280000
565,723,4,4,3,1919,Bengaluru,Good,No,34720000
566,4658,4,1,2,2013,Bengaluru,Good,No,47060000
567,4425,4,4,2,1924,Bijapur,Poor,Yes,23790000
568,4500,4,3,2,1901,Bijapur,Excellent,Yes,51000000
569,2133,5,4,2,2020,Mumbai,Good,No,38770000
570,2652,3,1,3,1931,Pune,Good,Yes,53810000
571,1010,4,1,3,1925,Bijapur,Fair,Yes,37220000
572,884,2,2,2,1969,Mumbai,Fair,Yes,51050000
573,904,2,1,2,1940,Pune,Poor,No,26130000
574,2500,3,1,3,2020,Bengaluru,Poor,Yes,33470000
575,3256,1,4,2,1966,Bengaluru,Good,No,48260000
576,2168,1,4,2,1996,Mumbai,Excellent,No,32900000
577,1960,1,3,2,1900,Mumbai,Excellent,Yes,45540000
578,4136,2,2,1,1950,Bijapur,Poor,No,35650000
579,3224,1,4,2,1904,Bengaluru,Fair,Yes,35250000
580,4678,5,1,1,1912,Mumbai,Good,Yes,14730000
581,2548,4,3,2,1918,Bengaluru,Good,No,28310000
582,4646,2,4,3,1911,Bengaluru,Excellent,No,48680000
583,1216,3,2,1,1947,Bijapur,Poor,No,48450000
584,2323,3,2,1,1924,Pune,Excellent,No,49850000
585,2581,4,3,2,1956,Bijapur,Excellent,No,29690000
586,3919,2,3,2,2014,Mumbai,Poor,Yes,19290000
587,2074,1,3,1,1934,Bijapur,Fair,No,55150000
588,749,1,3,3,1975,Bijapur,Good,Yes,31050000
589,1173,5,3,3,1993,Bengaluru,Fair,Yes,48140000
590,2665,5,1,2,1904,Bijapur,Poor,No,34040000
591,1270,1,1,3,1997,Mumbai,Poor,No,22360000
592,4462,3,4,3,1921,Pune,Good,No,45990000
593,4863,3,2,2,2002,Bijapur,Fair,No,43900000
594,2484,5,1,3,1976,Bijapur,Good,No,53520000
595,1577,4,1,2,1956,Pune,Excellent,Yes,27880000
596,735,1,1,1,1946,Mumbai,Excellent,Yes,28190000
597,888,5,4,2,1953,Mumbai,Excellent,Yes,32500000
598,3537,5,3,1,1902,Bijapur,Fair,No,43360000
599,2348,1,4,1,2023,Bengaluru,Excellent,No,39040000
600,3314,1,2,3,1952,Bijapur,Good,Yes,52330000
601,3874,3,2,3,1983,Pune,Fair,No,43600000
602,3778,4,2,3,1930,Pune,Good,No,47200000
603,1752,4,2,2,1968,Pune,Poor,No,47600000
604,4481,1,1,3,1987,Bijapur,Fair,Yes,41080000
605,2622,2,1,1,2003,Bijapur,Good,No,18890000
606,2650,5,4,3,2017,Mumbai,Good,Yes,35610000
607,1829,5,3,3,1932,Bengaluru,Fair,No,27290000
608,1858,1,2,2,1971,Bijapur,Poor,No,46360000
609,2982,2,4,2,1987,Mumbai,Fair,Yes,55900000
610,2517,3,1,1,1949,Bijapur,Excellent,No,43120000
611,1831,1,1,2,1983,Mumbai,Excellent,No,53860000
612,4844,1,3,3,2023,Mumbai,Poor,No,19920000
613,4761,5,3,2,1915,Bengaluru,Good,Yes,22360000
614,1858,1,3,1,2013,Bijapur,Good,No,32060000
615,3677,1,4,3,2015,Mumbai,Good,No,42680000
616,2628,1,1,1,1975,Pune,Fair,No,23600000
617,2680,5,1,2,1976,Pune,Fair,No,34920000
618,637,3,3,2,2008,Pune,Poor,No,29300000
619,3972,3,2,1,2005,Bengaluru,Excellent,Yes,18740000
620,3332,1,3,3,1938,Mumbai,Good,Yes,34310000
621,4079,5,4,2,1988,Bengaluru,Excellent,No,22840000
622,3531,3,3,2,1945,Bijapur,Fair,No,32060000
623,4664,3,3,3,1995,Bijapur,Fair,Yes,53760000
624,3093,3,4,2,1987,Mumbai,Fair,No,53710000
625,4800,5,3,1,2011,Pune,Excellent,No,21000000
626,4318,5,1,2,1946,Mumbai,Poor,No,59850000
627,4638,1,2,2,1943,Mumbai,Poor,No,18980000
628,4323,4,3,3,1908,Mumbai,Fair,No,45080000
629,4542,3,4,1,2003,Bengaluru,Good,No,52280000
630,2406,4,2,3,2013,Bijapur,Excellent,No,53040000
631,1260,5,4,2,1986,Mumbai,Fair,No,41310000
632,3945,5,2,2,1949,Mumbai,Excellent,Yes,26780000
633,1399,5,2,3,1976,Mumbai,Excellent,Yes,43110000
634,4955,4,3,3,1959,Bengaluru,Poor,No,30330000
635,3447,5,1,3,2022,Bengaluru,Fair,No,39050000
636,2219,1,3,1,1995,Bengaluru,Poor,No,20600000
637,780,5,4,2,2013,Mumbai,Fair,No,52070000
638,3766,2,4,3,1914,Pune,Excellent,Yes,29490000
639,2387,4,2,2,1935,Pune,Poor,Yes,31950000
640,3766,2,2,1,2012,Pune,Excellent,Yes,34860000
641,1166,5,1,1,1962,Bijapur,Fair,Yes,20280000
642,4688,1,3,1,1968,Mumbai,Good,No,25600000
643,1171,3,4,1,1985,Pune,Poor,No,34890000
644,2469,5,2,2,1979,Pune,Poor,No,39330000
645,4656,1,1,1,1940,Pune,Excellent,Yes,11690000
646,3622,4,4,1,1973,Mumbai,Excellent,No,36460000
647,4400,2,2,3,1923,Pune,Good,No,52790000
648,1023,2,4,1,1981,Pune,Poor,Yes,50690000
649,2893,2,1,3,1948,Mumbai,Fair,Yes,53040000
650,3617,4,1,1,1917,Bijapur,Fair,Yes,35300000
651,3093,1,4,1,1906,Bengaluru,Poor,Yes,31880000
652,2468,4,3,3,1903,Pune,Poor,Yes,24440000
653,2253,2,4,1,1989,Bengaluru,Poor,No,37520000
654,2796,5,2,2,1968,Bijapur,Good,No,42400000
655,2761,3,3,2,1959,Bijapur,Fair,Yes,30590000
656,2786,4,2,1,1954,Pune,Fair,No,25350000
657,4702,4,4,2,1915,Mumbai,Excellent,No,23060000
658,3378,1,3,3,1998,Bijapur,Excellent,No,39000000
659,4643,1,2,1,1989,Bengaluru,Poor,No,15440000
660,4144,4,4,1,1981,Bengaluru,Excellent,Yes,12090000
661,4932,2,4,3,1928,Bengaluru,Good,No,17230000
662,2555,3,3,3,1922,Bengaluru,Fair,No,35430000
663,1776,1,4,3,2016,Bijapur,Fair,No,35060000
664,3266,2,1,1,1913,Pune,Excellent,Yes,32020000
665,802,5,2,3,1978,Pune,Poor,No,48050000
666,1138,1,2,3,1948,Bengaluru,Excellent,Yes,20230000
667,555,2,4,2,1932,Pune,Poor,Yes,45390000
668,1025,2,4,2,1924,Bengaluru,Good,Yes,45270000
669,4623,3,1,1,1920,Bengaluru,Fair,Yes,37580000
670,2625,3,3,2,1916,Mumbai,Good,No,19790000
671,3787,5,4,2,1922,Bijapur,Fair,Yes,56560000
672,864,2,4,3,1956,Bijapur,Good,Yes,22730000
673,2146,2,4,3,2006,Bengaluru,Excellent,Yes,33980000
674,1418,3,4,2,1980,Bijapur,Good,Yes,35160000
675,3297,1,2,2,1957,Pune,Good,Yes,44940000
676,2031,1,4,2,1913,Bengaluru,Excellent,No,33270000
677,3845,4,2,1,1992,Mumbai,Fair,Yes,48030000
678,2406,3,4,1,1919,Pune,Fair,No,23970000
679,3586,4,3,1,1929,Mumbai,Excellent,No,56360000
680,2575,3,1,2,1918,Mumbai,Good,Yes,32810000
681,1213,5,3,2,1952,Bijapur,Good,No,47820000
682,1562,2,4,1,2002,Bijapur,Good,No,41180000
683,2476,5,4,1,1955,Bengaluru,Poor,No,23390000
684,1796,3,4,2,1976,Bijapur,Fair,Yes,20250000
685,625,2,3,3,1981,Mumbai,Good,Yes,39270000
686,4096,1,4,1,1922,Mumbai,Fair,Yes,32660000
687,3783,1,3,2,1961,Pune,Good,Yes,51080000
688,2103,4,2,2,2009,Mumbai,Excellent,Yes,43750000
689,566,3,1,3,1932,Bengaluru,Excellent,Yes,37370000
690,732,3,1,2,2002,Bengaluru,Fair,Yes,48740000
691,2656,1,3,2,2003,Bijapur,Fair,No,27490000
692,1669,5,2,1,1917,Bijapur,Excellent,No,22750000
693,2658,2,3,1,1972,Bijapur,Poor,Yes,47290000
694,4706,5,2,3,1932,Bengaluru,Excellent,No,17470000
695,1993,5,4,3,1931,Mumbai,Good,Yes,13700000
696,4507,1,2,2,1960,Bijapur,Poor,Yes,37920000
697,2972,1,2,1,1953,Pune,Excellent,Yes,22810000
698,3160,1,2,3,1916,Bijapur,Poor,No,16710000
699,3239,4,1,3,1918,Bengaluru,Poor,Yes,50000000
700,2261,5,2,3,1990,Bijapur,Poor,Yes,21340000
701,4014,3,4,2,1969,Mumbai,Fair,Yes,44650000
702,2475,2,4,1,1998,Bijapur,Excellent,Yes,52350000
703,2862,4,4,3,2019,Bengaluru,Fair,No,35410000
704,1376,3,2,1,2000,Bengaluru,Fair,Yes,42390000
705,4312,5,3,3,1933,Pune,Good,No,23410000
706,3948,1,3,3,1983,Bengaluru,Good,No,19020000
707,1812,5,4,1,1924,Pune,Poor,Yes,39220000
708,1960,2,1,1,1967,Mumbai,Poor,Yes,34250000
709,3209,4,3,1,1973,Bengaluru,Good,No,43900000
710,2824,4,2,2,1973,Bijapur,Good,No,25620000
711,2233,2,3,3,1987,Mumbai,Excellent,No,54310000
712,2105,3,4,2,1984,Bijapur,Poor,No,19990000
713,3063,3,1,1,1910,Bijapur,Poor,Yes,28220000
714,3921,4,3,3,1990,Bijapur,Good,No,55120000
715,4017,4,3,2,1915,Mumbai,Excellent,No,43200000
716,2897,1,4,3,1989,Mumbai,Good,No,33110000
717,4235,3,1,2,1960,Bengaluru,Good,No,37800000
718,3370,2,1,1,1993,Bijapur,Fair,Yes,48980000
719,1660,3,4,2,2012,Pune,Poor,Yes,33550000
720,742,1,2,3,1979,Bengaluru,Excellent,Yes,48850000
721,3090,4,3,3,1906,Mumbai,Fair,No,44290000
722,1563,4,2,3,1915,Pune,Poor,No,55250000
723,4824,1,3,3,1998,Mumbai,Good,Yes,49840000
724,3095,2,3,1,2021,Pune,Excellent,Yes,31100000
725,1419,4,2,2,1915,Bengaluru,Poor,No,29870000
726,505,5,4,1,1939,Pune,Good,Yes,43150000
727,967,4,4,1,1911,Bengaluru,Fair,No,41390000
728,4670,5,3,1,1934,Mumbai,Excellent,No,43700000
729,503,1,4,3,2012,Pune,Poor,No,47700000
730,1145,1,3,3,1920,Bijapur,Fair,No,37150000
731,617,4,4,3,1949,Bijapur,Good,No,21860000
732,3428,3,3,2,1942,Mumbai,Good,No,42330000
733,3051,5,4,3,1999,Pune,Poor,Yes,39070000
734,4789,2,1,2,2011,Bijapur,Good,Yes,24060000
735,1346,4,2,3,1916,Bengaluru,Excellent,Yes,56960000
736,3262,2,1,3,1931,Pune,Poor,No,34970000
737,1641,4,2,1,1940,Pune,Fair,Yes,48750000
738,2310,3,2,1,1905,Bijapur,Poor,No,49720000
739,1223,3,3,1,1987,Bengaluru,Poor,No,21600000
740,724,3,2,2,1926,Bengaluru,Fair,No,18920000
741,4708,3,1,2,1919,Bengaluru,Good,No,52100000
742,2548,1,1,3,1924,Pune,Fair,Yes,24160000
743,4915,1,4,2,1965,Mumbai,Excellent,Yes,37130000
744,2073,5,1,3,1908,Pune,Good,Yes,39800000
745,2328,2,4,2,1991,Pune,Poor,No,28400000
746,2417,4,2,2,1952,Bijapur,Good,Yes,25830000
747,4734,4,1,2,1960,Mumbai,Good,Yes,35060000
748,2526,1,2,1,1937,Bengaluru,Excellent,Yes,37270000
749,4244,4,1,2,1902,Bijapur,Good,No,20990000
750,1401,1,1,1,1983,Pune,Good,Yes,45160000
751,2539,5,4,1,1969,Mumbai,Good,No,33950000
752,509,2,2,2,2002,Bengaluru,Poor,Yes,19430000
753,760,5,1,3,1996,Bengaluru,Good,No,27570000
754,2173,3,3,3,1954,Pune,Fair,Yes,15970000
755,2719,3,2,3,1900,Bengaluru,Good,Yes,20250000
756,2560,3,2,2,2000,Bengaluru,Excellent,Yes,21060000
757,4213,5,2,3,1969,Mumbai,Good,No,35560000
758,2119,4,4,1,1944,Bijapur,Good,Yes,16920000
759,820,2,3,3,1997,Mumbai,Poor,Yes,21120000
760,1842,3,2,2,1946,Bijapur,Fair,No,21540000
761,2876,3,1,3,1978,Bijapur,Good,No,50630000
762,3332,3,1,1,2008,Bijapur,Fair,No,49340000
763,3324,2,4,2,1925,Bengaluru,Excellent,No,50320000
764,2494,3,1,3,2020,Mumbai,Poor,Yes,50790000
765,3458,2,2,2,1913,Bengaluru,Fair,Yes,39810000
766,2538,3,1,2,2021,Pune,Poor,No,48470000
767,3990,5,2,2,1953,Mumbai,Good,Yes,47220000
768,4177,5,1,3,1970,Bijapur,Excellent,No,50970000
769,1618,2,3,2,1945,Bengaluru,Poor,Yes,24600000
770,2104,5,4,3,2021,Bengaluru,Good,No,29960000
771,4527,2,4,1,1930,Mumbai,Fair,Yes,37010000
772,735,5,3,3,1987,Mumbai,Excellent,No,20040000
773,2469,5,3,1,1958,Bijapur,Excellent,No,32180000
774,4929,2,4,3,1994,Bijapur,Fair,Yes,34000000
775,2408,4,3,2,1928,Pune,Fair,Yes,23070000
776,875,5,2,3,2005,Bijapur,Excellent,Yes,19950000
777,4030,3,1,2,1995,Bengaluru,Poor,No,46800000
778,3135,4,4,1,1916,Pune,Excellent,Yes,22600000
779,2070,2,3,3,1913,Pune,Fair,No,27830000
780,3060,4,2,2,2003,Pune,Poor,Yes,48150000
781,3891,1,4,1,1935,Mumbai,Good,Yes,43850000
782,3465,1,3,1,1957,Bijapur,Excellent,No,44650000
783,4143,5,4,3,2011,Pune,Fair,No,53130000
784,4350,5,3,1,1923,Mumbai,Good,Yes,49690000
785,1372,3,4,2,2008,Mumbai,Excellent,No,29470000
786,1752,4,2,1,1962,Pune,Excellent,No,17210000
787,1814,1,2,1,2017,Pune,Poor,Yes,50230000
788,3398,5,1,2,1990,Bengaluru,Fair,No,52640000
789,577,4,4,1,1924,Pune,Good,Yes,38600000
790,3121,5,1,1,1958,Bengaluru,Excellent,Yes,34740000
791,4727,5,4,1,1931,Pune,Poor,No,25860000
792,1100,1,3,1,2015,Pune,Good,Yes,29950000
793,1565,1,3,2,1981,Bijapur,Good,No,44190000
794,2636,5,1,1,2009,Pune,Excellent,Yes,35020000
795,2949,2,4,2,1917,Pune,Good,No,40870000
796,2843,5,1,1,1936,Bengaluru,Excellent,No,34690000
797,2363,5,2,1,1925,Bengaluru,Poor,No,39340000
798,1818,3,1,1,1908,Bijapur,Poor,No,31880000
799,4097,3,1,1,2023,Pune,Good,No,54300000
800,4262,3,3,2,1998,Pune,Excellent,Yes,17530000
801,2690,2,1,2,1963,Bengaluru,Fair,Yes,52350000
802,1492,2,4,2,1971,Mumbai,Poor,No,48970000
803,3212,5,3,3,1919,Mumbai,Excellent,Yes,23330000
804,2692,3,1,1,1953,Mumbai,Excellent,No,31800000
805,1748,2,2,1,2005,Bengaluru,Excellent,No,16100000
806,3554,1,1,2,1985,Bengaluru,Good,Yes,17660000
807,4533,5,1,3,1982,Mumbai,Fair,Yes,43100000
808,2497,4,1,1,1929,Mumbai,Good,No,42590000
809,4187,5,3,2,1952,Pune,Poor,No,51850000
810,2651,4,4,1,1991,Bengaluru,Good,No,45230000
811,4518,3,2,1,1998,Bengaluru,Excellent,No,52950000
812,3610,4,1,2,2006,Mumbai,Good,No,33110000
813,2470,3,4,2,1962,Mumbai,Excellent,No,48720000
814,697,1,4,1,1910,Bijapur,Fair,Yes,53460000
815,3126,4,3,1,1930,Bengaluru,Good,No,24460000
816,1702,5,2,2,1948,Bijapur,Good,No,34660000
817,2535,3,3,1,2011,Pune,Good,Yes,20820000
818,977,5,4,1,2002,Bijapur,Excellent,No,21540000
819,1754,2,4,2,1999,Mumbai,Excellent,No,18490000
820,1422,3,4,1,1993,Bengaluru,Good,Yes,52350000
821,919,4,3,1,1986,Bengaluru,Good,No,53190000
822,2704,3,2,3,1918,Bijapur,Fair,Yes,49390000
823,3097,5,1,2,1911,Bijapur,Fair,No,46200000
824,1620,1,3,3,1914,Pune,Poor,Yes,30070000
825,3568,3,4,3,1930,Pune,Fair,Yes,47930000
826,1450,4,3,3,1942,Mumbai,Fair,Yes,29190000
827,2836,2,4,1,2000,Mumbai,Fair,No,16730000
828,2743,1,1,1,1936,Mumbai,Excellent,No,36810000
829,3145,2,1,3,1978,Bijapur,Fair,Yes,55440000
830,2357,3,2,3,1928,Bijapur,Fair,Yes,45740000
831,2365,5,4,3,2013,Bengaluru,Good,No,17610000
832,3412,5,2,1,2006,Mumbai,Excellent,No,13200000
833,3353,4,2,3,1925,Bijapur,Poor,No,35370000
834,3728,5,1,3,2007,Bengaluru,Poor,No,21530000
835,4219,1,3,2,1901,Mumbai,Fair,No,43910000
836,3728,5,3,2,1983,Pune,Poor,Yes,52530000
837,2871,4,2,1,1914,Pune,Poor,No,15870000
838,3391,3,1,2,2015,Bijapur,Poor,Yes,19080000
839,4256,3,4,2,1903,Bengaluru,Fair,No,23610000
840,4725,5,3,2,1985,Pune,Poor,Yes,55440000
841,594,2,2,1,1949,Bengaluru,Fair,Yes,29620000
842,3174,3,3,2,1937,Bengaluru,Good,No,28780000
843,2455,5,3,1,1922,Pune,Good,Yes,30930000
844,1293,4,4,3,1958,Bengaluru,Poor,Yes,56070000
845,2334,5,1,2,1989,Pune,Good,Yes,43260000
846,2616,3,4,1,2014,Bijapur,Fair,Yes,50280000
847,4606,4,1,2,1974,Mumbai,Good,No,53520000
848,3825,5,3,3,1927,Mumbai,Poor,Yes,51450000
849,3419,1,2,1,2019,Bijapur,Fair,No,26980000
850,3097,4,4,1,1965,Pune,Excellent,Yes,57150000
851,3705,1,1,1,2022,Pune,Fair,No,28020000
852,1314,2,3,3,1907,Pune,Good,No,15660000
853,845,4,1,3,1928,Pune,Excellent,No,23690000
854,2849,1,1,3,1910,Bijapur,Fair,Yes,18640000
855,862,3,1,1,2000,Mumbai,Excellent,No,36040000
856,2943,3,3,3,1917,Bengaluru,Excellent,No,19700000
857,2765,2,2,2,1954,Bengaluru,Excellent,Yes,19790000
858,2688,4,2,3,1949,Mumbai,Fair,No,48100000
859,3505,4,2,1,1913,Bijapur,Good,Yes,41710000
860,3781,4,1,2,2017,Bengaluru,Fair,Yes,51460000
861,1484,2,3,3,1973,Mumbai,Good,No,27480000
862,2139,4,1,2,1998,Bijapur,Fair,Yes,35020000
863,1327,3,2,2,1908,Bengaluru,Fair,Yes,10710000
864,3230,1,2,1,1998,Pune,Fair,Yes,19030000
865,4031,3,3,2,1910,Pune,Good,No,51760000
866,4951,3,1,2,1962,Bijapur,Fair,Yes,31910000
867,3435,1,4,1,2007,Pune,Excellent,Yes,39800000
868,4376,3,4,1,1975,Bijapur,Fair,Yes,27160000
869,626,2,2,1,1966,Mumbai,Excellent,No,54450000
870,3677,1,3,2,1952,Mumbai,Poor,Yes,35320000
871,3556,3,1,2,1938,Bengaluru,Poor,No,41600000
872,1103,5,1,2,1977,Bijapur,Good,Yes,41770000
873,3949,3,2,1,1955,Bengaluru,Good,No,45000000
874,4646,2,2,3,1927,Bengaluru,Poor,No,18360000
875,4033,4,1,2,1974,Mumbai,Fair,No,17020000
876,3867,3,1,3,1938,Bengaluru,Fair,Yes,19750000
877,3868,4,2,1,1924,Pune,Fair,Yes,27070000
878,4297,5,1,2,1920,Bengaluru,Poor,Yes,49850000
879,2292,3,4,3,1909,Bijapur,Excellent,No,33390000
880,3361,1,2,2,1942,Pune,Good,Yes,46810000
881,3976,4,1,2,1914,Mumbai,Excellent,Yes,39480000
882,3917,5,2,2,1982,Bijapur,Poor,No,19360000
883,2145,1,3,3,1947,Pune,Excellent,Yes,50510000
884,1705,1,2,1,1985,Bijapur,Fair,Yes,37200000
885,3530,1,2,2,1920,Pune,Fair,No,38730000
886,3372,1,3,1,1959,Bijapur,Excellent,No,28640000
887,3572,3,4,1,2015,Bijapur,Poor,Yes,39570000
888,2354,3,1,3,2007,Pune,Excellent,No,26630000
889,4521,3,3,3,1995,Mumbai,Fair,Yes,51670000
890,3208,5,2,1,1949,Mumbai,Fair,Yes,26800000
891,4002,5,1,2,1922,Bijapur,Poor,Yes,18730000
892,1832,5,3,3,1912,Bijapur,Excellent,Yes,47970000
893,701,2,1,2,1968,Mumbai,Fair,Yes,40440000
894,4007,5,1,2,1903,Mumbai,Fair,No,40330000
895,4712,3,3,2,1991,Bengaluru,Excellent,No,20580000
896,1074,3,1,1,1977,Mumbai,Excellent,Yes,40710000
897,1036,2,4,2,1971,Bijapur,Good,No,34610000
898,2125,2,3,1,1908,Pune,Poor,No,55030000
899,2622,5,4,1,2020,Mumbai,Poor,Yes,27180000
900,885,4,2,2,2014,Bengaluru,Excellent,No,15190000
901,3781,2,1,2,1934,Bengaluru,Poor,No,36670000
902,974,1,2,2,2000,Bengaluru,Fair,Yes,25830000
903,917,3,2,2,1920,Pune,Excellent,Yes,36810000
904,4100,1,1,1,1957,Mumbai,Excellent,Yes,52510000
905,1454,3,3,2,1917,Mumbai,Excellent,Yes,17800000
906,1705,3,1,2,1996,Mumbai,Good,Yes,38710000
907,4620,2,2,1,1971,Pune,Poor,Yes,17790000
908,2490,2,2,3,2014,Pune,Good,Yes,22870000
909,4072,1,3,3,2012,Bijapur,Fair,No,46520000
910,4880,3,1,1,1980,Bengaluru,Poor,Yes,53500000
911,4658,1,2,3,1942,Bengaluru,Good,No,37270000
912,3213,4,4,1,1994,Mumbai,Excellent,No,28340000
913,2703,1,2,2,1997,Pune,Good,Yes,18870000
914,3620,5,2,2,1905,Pune,Excellent,No,51190000
915,1466,1,3,3,1985,Mumbai,Good,No,24150000
916,3932,5,4,2,1977,Mumbai,Good,No,32780000
917,1188,5,2,3,1966,Bijapur,Good,Yes,43440000
918,4743,5,2,3,1911,Bengaluru,Excellent,No,38240000
919,4201,4,4,2,1999,Bengaluru,Good,No,44390000
920,841,1,1,2,1911,Bengaluru,Poor,Yes,38910000
921,2224,1,1,3,2008,Bijapur,Poor,No,33340000
922,4922,4,2,2,1965,Mumbai,Poor,No,28100000
923,2292,3,2,1,1901,Mumbai,Excellent,No,47590000
924,2259,2,1,2,1914,Bengaluru,Excellent,No,54060000
925,3712,1,3,2,1922,Bengaluru,Poor,No,53040000
926,1489,2,4,1,1928,Bijapur,Poor,Yes,19350000
927,2762,4,4,2,1980,Pune,Poor,No,42800000
928,2982,3,3,2,1995,Pune,Fair,Yes,45820000
929,1451,3,3,3,1906,Bengaluru,Poor,No,49860000
930,1222,3,3,2,1993,Bijapur,Good,Yes,24370000
931,3889,4,3,2,1927,Bengaluru,Fair,Yes,36330000
932,2579,5,3,1,1913,Pune,Fair,Yes,32910000
933,3217,5,3,3,1943,Bengaluru,Excellent,No,45560000
934,2832,2,4,3,1929,Pune,Good,No,49240000
935,3876,5,3,3,1980,Pune,Excellent,No,40070000
936,2000,5,1,2,1931,Pune,Excellent,No,47420000
937,785,3,3,3,2009,Mumbai,Good,No,26820000
938,3995,3,3,1,1969,Mumbai,Excellent,Yes,52770000
939,2565,2,4,3,2014,Bengaluru,Good,Yes,34270000
940,1268,1,4,1,1987,Pune,Good,Yes,23640000
941,3557,2,3,3,1905,Mumbai,Excellent,No,46190000
942,4789,2,4,3,1926,Bengaluru,Poor,No,36740000
943,2661,4,2,1,1981,Bengaluru,Excellent,Yes,17310000
944,3793,4,4,3,1987,Bengaluru,Fair,No,25740000
945,1446,2,4,3,2000,Bengaluru,Excellent,No,48740000
946,3835,2,4,3,2019,Bengaluru,Good,Yes,38040000
947,4650,2,4,2,1923,Bijapur,Fair,Yes,54340000
948,1981,5,1,1,2001,Pune,Good,No,25290000
949,2401,4,1,3,1933,Bengaluru,Poor,No,27780000
950,3951,2,1,1,1939,Bijapur,Poor,Yes,27390000
951,4564,3,3,1,1946,Pune,Fair,No,42510000
952,554,3,3,1,1978,Mumbai,Poor,Yes,16930000
953,2323,5,2,3,1974,Bengaluru,Poor,Yes,25770000
954,3962,5,1,3,1985,Bijapur,Excellent,Yes,25950000
955,3579,1,3,1,2017,Mumbai,Excellent,No,48470000
956,1332,1,4,2,1923,Bijapur,Poor,Yes,47900000
957,4908,1,4,1,1964,Pune,Poor,Yes,32330000
958,3306,5,1,2,1917,Pune,Excellent,No,47980000
959,2990,5,2,1,1943,Mumbai,Poor,Yes,14960000
960,827,5,2,1,1975,Bijapur,Poor,No,26460000
961,3810,3,4,1,1956,Bengaluru,Good,No,38170000
962,3800,5,2,3,2006,Bengaluru,Poor,No,20510000
963,4175,3,1,2,1927,Mumbai,Fair,Yes,49440000
964,3554,1,4,2,2003,Mumbai,Good,Yes,27740000
965,2643,1,3,1,2023,Mumbai,Fair,No,37670000
966,1811,1,3,3,1970,Bijapur,Poor,No,30700000
967,3691,2,2,3,1922,Bengaluru,Excellent,No,51540000
968,3038,2,4,2,1984,Bengaluru,Good,Yes,50680000
969,4483,4,4,3,1933,Bengaluru,Excellent,No,30740000
970,664,4,3,2,1910,Mumbai,Good,No,22690000
971,4777,4,4,2,1985,Bengaluru,Excellent,No,18750000
972,1322,2,4,2,2005,Pune,Good,Yes,39980000
973,1443,2,4,3,1934,Mumbai,Good,No,45890000
974,4925,4,2,2,2015,Bengaluru,Fair,Yes,15860000
975,1274,4,4,2,1992,Bijapur,Excellent,Yes,24450000
976,2698,5,1,1,1941,Mumbai,Fair,No,30760000
977,3656,4,2,2,1927,Pune,Fair,No,56010000
978,4742,5,4,2,2022,Pune,Excellent,No,46320000
979,4195,3,4,1,1981,Bijapur,Good,Yes,42870000
980,3952,2,1,1,1977,Bijapur,Fair,Yes,45470000
981,1414,4,2,3,1981,Mumbai,Excellent,Yes,18160000
982,1808,2,3,2,1991,Mumbai,Good,No,52450000
983,4677,2,3,3,1923,Pune,Fair,Yes,24490000
984,1013,2,2,3,1907,Bijapur,Fair,No,19060000
985,2420,3,4,1,2005,Mumbai,Fair,No,22480000
986,4094,1,4,3,2017,Pune,Good,No,19830000
987,1909,4,3,2,2008,Bijapur,Fair,Yes,51940000
988,3690,1,3,1,1952,Pune,Good,Yes,37810000
989,4991,1,3,2,1971,Bengaluru,Poor,Yes,53780000
990,2055,1,1,2,1903,Bijapur,Fair,No,16860000
991,1304,2,3,1,1990,Mumbai,Poor,Yes,22590000
992,1779,5,1,2,1999,Mumbai,Excellent,Yes,54730000
993,4077,2,2,1,1904,Bengaluru,Fair,No,30750000
994,3401,2,4,2,1996,Bijapur,Excellent,No,52070000
995,1887,1,3,1,1948,Pune,Excellent,Yes,37000000
996,3261,2,4,3,1997,Mumbai,Excellent,No,39230000
997,3179,1,4,2,1929,Bengaluru,Poor,Yes,13230000
998,2606,5,3,1,1971,Bengaluru,Good,No,21900000
999,4723,4,3,2,2002,Bijapur,Poor,No,30740000
1000,3268,1,2,2,1962,Bijapur,Poor,Yes,51590000
1001,4453,5,1,2,1946,Mumbai,Excellent,No,56930000
1002,3686,4,1,1,1925,Bengaluru,Fair,No,25850000
1003,3780,3,4,3,1956,Pune,Good,No,24290000
1004,3073,1,3,3,1936,Bengaluru,Excellent,Yes,28440000
1005,3099,1,2,3,1997,Pune,Good,No,54150000
1006,4533,3,2,1,1906,Pune,Poor,No,34120000
1007,736,3,2,3,1939,Mumbai,Good,Yes,54060000
1008,1804,1,2,1,1991,Bengaluru,Good,Yes,51590000
1009,3930,3,2,2,1938,Pune,Fair,No,31900000
1010,1801,2,1,2,1961,Bijapur,Excellent,No,41090000
1011,3041,4,1,3,2002,Pune,Good,No,53050000
1012,2551,4,1,1,1991,Bijapur,Good,Yes,17560000
1013,941,4,3,2,1977,Bijapur,Poor,No,53150000
1014,2576,2,4,1,1952,Bengaluru,Poor,Yes,51090000
1015,3680,3,2,1,2013,Bijapur,Good,Yes,25860000
1016,3157,5,3,2,2001,Pune,Excellent,No,40880000
1017,4298,3,2,1,1903,Bijapur,Good,No,17310000
1018,1304,1,1,2,2005,Bengaluru,Good,Yes,41400000
1019,574,4,3,2,1981,Mumbai,Fair,No,34450000
1020,2675,3,1,2,2007,Pune,Excellent,No,40540000
1021,4424,5,2,1,2011,Pune,Fair,Yes,27460000
1022,2589,1,2,2,1924,Bengaluru,Excellent,No,52380000
1023,540,2,4,1,1906,Bengaluru,Excellent,Yes,43020000
1024,2581,2,2,2,2001,Bengaluru,Excellent,No,47220000
1025,2122,5,1,2,1927,Bengaluru,Fair,Yes,17610000
1026,841,1,2,3,1968,Pune,Fair,Yes,47780000
1027,4552,4,4,3,1966,Mumbai,Fair,No,36150000
1028,2574,3,4,3,2007,Bijapur,Poor,Yes,20320000
1029,1145,1,1,1,1994,Bijapur,Fair,Yes,30290000
1030,4763,2,3,1,2010,Mumbai,Poor,No,46340000
1031,1109,5,2,2,2005,Mumbai,Poor,No,27100000
1032,954,5,4,2,2021,Mumbai,Poor,No,27200000
1033,3453,3,2,2,1919,Bengaluru,Good,Yes,21010000
1034,2208,5,2,2,1982,Pune,Good,Yes,46830000
1035,3972,5,3,1,2011,Pune,Good,Yes,51370000
1036,3469,1,4,2,2023,Pune,Poor,No,35390000
1037,3528,4,2,2,1910,Bengaluru,Poor,Yes,47650000
1038,3181,3,4,3,2003,Pune,Excellent,Yes,29520000
1039,4129,1,1,2,1966,Bengaluru,Poor,No,54710000
1040,4725,4,1,2,1986,Pune,Good,Yes,20170000
1041,3567,1,2,2,1906,Mumbai,Poor,No,25070000
1042,1886,1,4,1,1922,Bijapur,Poor,No,33670000
1043,4276,5,2,3,1960,Bijapur,Excellent,No,25150000
1044,3366,4,4,2,1970,Bengaluru,Poor,Yes,33670000
1045,3863,3,4,2,2009,Pune,Fair,Yes,29140000
1046,4624,3,3,3,1933,Bijapur,Excellent,Yes,43010000
1047,648,4,3,2,2005,Mumbai,Poor,No,29190000
1048,4350,5,3,1,1918,Mumbai,Poor,No,42230000
1049,2558,2,2,2,1957,Mumbai,Excellent,No,31110000
1050,1636,1,3,1,1908,Bengaluru,Poor,Yes,49930000
1051,686,5,3,1,1947,Bengaluru,Good,Yes,24170000
1052,3354,4,1,2,2014,Pune,Fair,Yes,26500000
1053,1750,1,4,3,1981,Mumbai,Fair,Yes,42570000
1054,1833,3,4,1,1940,Pune,Good,Yes,42390000
1055,4693,2,3,3,1947,Pune,Poor,No,30880000
1056,4650,3,4,2,1944,Mumbai,Poor,Yes,47540000
1057,3211,4,1,1,2005,Pune,Fair,No,18880000
1058,2285,1,1,2,1924,Bijapur,Poor,No,37040000
1059,1250,4,3,3,2015,Bengaluru,Fair,Yes,26760000
1060,2262,1,1,2,1977,Pune,Fair,No,47850000
1061,4420,5,4,2,2007,Mumbai,Good,Yes,29560000
1062,4960,2,2,1,1924,Bengaluru,Fair,Yes,51460000
1063,981,5,4,2,1918,Bengaluru,Poor,No,24020000
1064,653,5,2,2,1938,Pune,Poor,Yes,38910000
1065,2024,4,3,2,2018,Bijapur,Excellent,Yes,41770000
1066,2620,2,2,1,1978,Pune,Poor,No,34120000
1067,2843,1,1,3,1979,Bijapur,Excellent,No,36040000
1068,1740,1,4,3,1926,Bengaluru,Fair,No,16180000
1069,560,3,2,2,2003,Pune,Poor,No,32210000
1070,1438,1,4,1,1973,Mumbai,Good,No,18550000
1071,2139,4,3,2,1962,Pune,Good,No,21880000
1072,4620,5,3,3,1967,Bijapur,Good,Yes,38050000
1073,4726,5,1,1,2014,Bijapur,Fair,Yes,38230000
1074,4069,5,3,3,1918,Pune,Fair,Yes,47530000
1075,1752,2,2,3,1927,Bijapur,Excellent,No,35240000
1076,4703,1,3,1,1984,Bengaluru,Good,Yes,26840000
1077,671,4,1,1,2022,Pune,Excellent,No,40540000
1078,1958,2,4,2,2010,Bijapur,Excellent,Yes,26560000
1079,4049,3,4,2,1977,Pune,Poor,No,35790000
1080,4697,4,3,3,1932,Pune,Poor,Yes,26580000
1081,2822,4,2,1,2011,Mumbai,Good,No,44910000
1082,2136,4,1,1,1909,Pune,Fair,No,21730000
1083,3615,5,2,2,1982,Mumbai,Poor,No,13940000
1084,4590,4,1,3,1929,Bijapur,Fair,No,42140000
1085,3504,1,3,3,1921,Mumbai,Excellent,Yes,27540000
1086,829,4,1,2,1902,Mumbai,Excellent,Yes,13800000
1087,4140,5,1,1,2000,Mumbai,Excellent,No,52040000
1088,4394,4,3,2,2004,Bengaluru,Excellent,No,27900000
1089,4607,3,2,2,1981,Mumbai,Good,No,41500000
1090,1841,3,3,2,1974,Pune,Excellent,Yes,39350000
1091,4163,5,1,2,1947,Mumbai,Poor,No,59470000
1092,715,1,3,1,1901,Pune,Excellent,No,42480000
1093,838,1,1,2,1975,Mumbai,Fair,Yes,26480000
1094,4562,2,3,1,1953,Bengaluru,Poor,No,42410000
1095,3208,5,4,2,1905,Bijapur,Fair,No,47310000
1096,3652,4,4,3,2006,Mumbai,Fair,Yes,43540000
1097,2250,5,3,1,2022,Mumbai,Good,No,24180000
1098,2921,2,2,3,1939,Bengaluru,Good,No,39630000
1099,1209,5,1,2,2007,Mumbai,Fair,Yes,39610000
1100,4226,5,4,2,1992,Pune,Fair,No,41640000
1101,4142,2,2,2,2022,Mumbai,Excellent,Yes,34470000
1102,4493,1,1,1,1993,Mumbai,Poor,No,44750000
1103,988,4,4,3,1901,Bijapur,Excellent,No,29310000
1104,546,2,4,1,1972,Bijapur,Good,No,27410000
1105,3859,3,3,1,2010,Mumbai,Good,No,25930000
1106,900,1,1,2,1901,Bengaluru,Excellent,No,14850000
1107,4490,3,2,3,1992,Bijapur,Poor,Yes,40840000
1108,3657,1,2,2,1996,Mumbai,Fair,No,52200000
1109,4845,4,2,1,1973,Bijapur,Excellent,No,44230000
1110,890,4,1,2,1997,Mumbai,Good,Yes,31760000
1111,4353,5,2,3,2007,Bijapur,Poor,Yes,27320000
1112,4930,3,2,2,1954,Bijapur,Good,No,18070000
1113,1128,1,2,3,1971,Pune,Poor,Yes,56560000
1114,4732,4,3,3,2000,Mumbai,Poor,No,19320000
1115,3430,2,3,2,2017,Mumbai,Poor,Yes,50280000
1116,2021,4,1,1,1959,Mumbai,Excellent,Yes,43930000
1117,1326,2,1,2,1996,Mumbai,Excellent,No,52890000
1118,2000,1,2,1,2010,Bijapur,Excellent,Yes,47920000
1119,3794,4,3,1,1905,Pune,Poor,No,28030000
1120,2919,4,4,2,2007,Pune,Poor,Yes,54410000
1121,1434,1,4,1,2003,Bengaluru,Good,Yes,23570000
1122,3542,4,2,1,2008,Mumbai,Fair,Yes,48520000
1123,4997,2,2,2,1918,Bengaluru,Excellent,No,24890000
1124,1966,4,3,2,1995,Bijapur,Poor,No,33700000
1125,4061,3,3,2,1926,Bengaluru,Good,Yes,47340000
1126,1114,5,3,1,1900,Mumbai,Good,No,52600000
1127,1682,2,1,3,2006,Pune,Good,No,41710000
1128,3723,3,1,1,2015,Pune,Excellent,No,26070000
1129,3167,1,2,3,1932,Mumbai,Excellent,Yes,36360000
1130,630,2,1,2,1939,Bijapur,Fair,No,57320000
1131,3483,5,3,3,1931,Mumbai,Good,Yes,31300000
1132,4778,5,3,2,1968,Bijapur,Excellent,Yes,17020000
1133,4959,1,1,2,1916,Pune,Good,Yes,13760000
1134,538,1,4,3,1907,Bijapur,Poor,Yes,50520000
1135,4459,2,2,2,1956,Mumbai,Good,Yes,18390000
1136,4087,4,4,3,1941,Mumbai,Fair,No,27470000
1137,1420,1,2,2,1997,Mumbai,Excellent,No,39450000
1138,3269,4,4,1,1908,Bijapur,Poor,Yes,51610000
1139,4611,3,1,1,2019,Bijapur,Excellent,No,54750000
1140,992,5,2,2,1986,Bijapur,Poor,No,31170000
1141,1631,4,2,2,1934,Pune,Good,No,27890000
1142,4021,5,2,3,2013,Bengaluru,Good,No,25550000
1143,810,4,3,1,1970,Bengaluru,Fair,No,47680000
1144,1238,3,3,3,1978,Mumbai,Fair,No,36660000
1145,3741,1,4,2,1952,Pune,Poor,No,26120000
1146,1045,3,1,2,1953,Bijapur,Fair,Yes,54460000
1147,2961,1,3,3,1983,Mumbai,Fair,Yes,28470000
1148,4846,1,2,2,2013,Pune,Fair,Yes,11740000
1149,2304,5,3,1,1924,Mumbai,Fair,No,25740000
1150,3712,3,1,3,1966,Pune,Good,No,27630000
1151,4310,4,3,1,2023,Pune,Fair,Yes,51910000
1152,1313,3,2,1,1961,Bengaluru,Good,No,38780000
1153,4624,5,4,1,1954,Mumbai,Good,No,34550000
1154,2532,1,2,3,1945,Bijapur,Excellent,Yes,21340000
1155,4913,5,1,2,1923,Bengaluru,Good,Yes,19300000
1156,744,2,4,1,1997,Bengaluru,Good,Yes,51230000
1157,771,2,3,1,1945,Bijapur,Fair,No,26290000
1158,4011,4,3,1,1921,Pune,Good,No,35530000
1159,2271,5,3,2,1910,Bijapur,Poor,No,31500000
1160,1762,4,4,2,1947,Mumbai,Fair,Yes,51920000
1161,2924,4,2,3,1907,Bijapur,Fair,Yes,23390000
1162,4861,2,4,2,1938,Pune,Fair,No,44840000
1163,1420,4,4,3,2006,Bijapur,Excellent,Yes,55230000
1164,3930,2,1,3,1934,Pune,Fair,Yes,37640000
1165,4935,1,4,3,1948,Pune,Good,No,20910000
1166,4984,5,3,3,1945,Mumbai,Poor,Yes,42880000
1167,3124,4,2,3,1937,Bijapur,Fair,Yes,44830000
1168,4260,2,2,1,1907,Bijapur,Fair,Yes,12350000
1169,2550,3,2,2,1953,Mumbai,Poor,No,24780000
1170,4000,4,3,1,1936,Pune,Fair,No,27670000
1171,1665,1,3,3,1990,Bijapur,Excellent,Yes,49480000
1172,875,1,3,2,1991,Mumbai,Good,No,36130000
1173,2533,3,3,1,1939,Pune,Poor,No,52000000
1174,645,2,3,1,1933,Mumbai,Poor,No,50840000
1175,4888,4,4,3,1995,Bijapur,Excellent,Yes,31920000
1176,931,2,3,1,1978,Mumbai,Good,No,51930000
1177,1204,1,3,1,2007,Bengaluru,Excellent,Yes,46480000
1178,3132,2,3,1,1916,Pune,Good,Yes,23520000
1179,4994,1,3,1,1932,Bengaluru,Excellent,No,40060000
1180,1463,2,2,1,1946,Bengaluru,Fair,Yes,27270000
1181,2734,3,3,3,2009,Pune,Excellent,No,24730000
1182,2541,5,4,3,1951,Pune,Poor,No,25470000
1183,2328,3,4,1,2017,Mumbai,Poor,Yes,18490000
1184,2608,3,4,3,1979,Pune,Poor,Yes,27620000
1185,4568,5,1,3,1992,Bengaluru,Excellent,No,16960000
1186,1438,5,2,2,1908,Bengaluru,Poor,No,33570000
1187,1306,4,3,1,1932,Bijapur,Poor,No,21840000
1188,1963,4,1,3,1959,Pune,Fair,No,55820000
1189,3915,3,3,3,2012,Bengaluru,Fair,Yes,29920000
1190,510,3,1,1,1992,Bijapur,Good,Yes,28440000
1191,2368,1,1,2,1976,Bijapur,Good,Yes,20050000
1192,1384,1,4,1,1920,Mumbai,Good,No,37730000
1193,4064,4,4,2,1957,Bengaluru,Excellent,Yes,52410000
1194,1889,4,1,1,1984,Mumbai,Good,Yes,28320000
1195,3901,1,4,1,1968,Bengaluru,Excellent,Yes,19400000
1196,4821,1,1,1,1909,Mumbai,Excellent,Yes,27590000
1197,1324,2,2,1,1905,Mumbai,Good,No,38480000
1198,2765,2,4,2,2019,Pune,Good,Yes,15400000
1199,1436,1,4,2,2014,Mumbai,Excellent,Yes,55150000
1200,3300,2,4,3,2020,Pune,Fair,Yes,43910000
1201,3053,5,2,1,1912,Bijapur,Poor,Yes,15220000
1202,4345,4,1,2,1964,Bengaluru,Poor,No,48290000
1203,2296,4,3,2,1919,Bijapur,Poor,No,41510000
1204,553,1,4,2,1956,Bengaluru,Fair,Yes,44060000
1205,1226,3,1,1,2010,Bijapur,Excellent,No,29530000
1206,3236,1,2,3,1945,Bengaluru,Good,No,51510000
1207,3670,2,3,2,1907,Mumbai,Excellent,No,20420000
1208,2413,3,4,1,1909,Bengaluru,Excellent,No,45710000
1209,2096,2,2,2,1972,Bengaluru,Good,Yes,28070000
1210,2414,5,2,2,2012,Bijapur,Fair,No,52110000
1211,2966,2,3,3,2004,Bijapur,Poor,No,13280000
1212,3237,5,1,2,1966,Bijapur,Poor,Yes,48690000
1213,1349,5,4,2,1910,Pune,Excellent,Yes,27450000
1214,2609,2,4,1,1911,Pune,Fair,Yes,42540000
1215,502,2,1,1,1909,Bengaluru,Poor,Yes,23350000
1216,4755,5,1,3,1924,Bengaluru,Fair,No,53320000
1217,4569,3,1,1,1948,Mumbai,Good,Yes,25740000
1218,1392,5,3,1,1948,Mumbai,Excellent,No,14460000
1219,2530,4,3,3,1988,Bengaluru,Excellent,No,51080000
1220,3660,5,4,2,1910,Pune,Fair,Yes,56590000
1221,2876,3,3,3,1961,Bengaluru,Poor,Yes,37170000
1222,2433,4,2,1,2017,Mumbai,Fair,No,47980000
1223,1880,1,4,3,1935,Pune,Good,No,42730000
1224,4181,1,3,2,1938,Pune,Poor,Yes,20960000
1225,1790,3,1,3,1952,Mumbai,Poor,Yes,44370000
1226,2140,5,2,1,1989,Bengaluru,Fair,Yes,23430000
1227,3182,2,1,1,1977,Bijapur,Good,No,47010000
1228,1487,3,4,3,2002,Bengaluru,Poor,No,37550000
1229,1718,4,1,2,1955,Bengaluru,Excellent,Yes,27630000
1230,1855,4,3,3,2003,Mumbai,Good,No,39690000
1231,4765,1,3,2,1900,Pune,Poor,Yes,21660000
1232,4635,4,4,2,1955,Mumbai,Fair,No,45440000
1233,2060,3,1,3,2017,Bengaluru,Poor,No,52840000
1234,1918,4,4,2,1903,Bijapur,Excellent,Yes,18970000
1235,1454,3,1,1,1929,Bijapur,Good,Yes,29370000
1236,1483,2,2,3,1911,Bijapur,Poor,Yes,47650000
1237,1474,1,3,2,2019,Mumbai,Excellent,No,17660000
1238,4633,4,4,1,1934,Pune,Poor,No,18320000
1239,4472,3,2,3,1976,Mumbai,Poor,Yes,43090000
1240,1413,5,2,1,1951,Bijapur,Good,No,23010000
1241,536,1,4,1,1930,Bengaluru,Fair,Yes,44810000
1242,3887,2,4,1,2001,Pune,Fair,No,18550000
1243,2211,3,2,2,2006,Mumbai,Excellent,Yes,43400000
1244,3520,2,1,3,1986,Mumbai,Excellent,No,33970000
1245,1295,2,2,3,1967,Pune,Excellent,No,32600000
1246,4536,4,4,2,1951,Pune,Good,No,50000000
1247,3611,4,2,3,1979,Bengaluru,Fair,No,41320000
1248,1824,3,1,1,1906,Pune,Excellent,Yes,22450000
1249,817,5,3,3,1921,Bengaluru,Excellent,No,49000000
1250,2896,3,3,2,1992,Bijapur,Poor,Yes,22490000
1251,2662,5,2,1,1974,Bijapur,Poor,Yes,21110000
1252,3245,2,1,2,1955,Mumbai,Excellent,Yes,50220000
1253,2091,1,3,1,1996,Bijapur,Poor,Yes,53740000
1254,3611,3,2,1,1957,Bijapur,Poor,No,46770000
1255,4430,3,2,3,1992,Bengaluru,Poor,Yes,43280000
1256,2496,5,1,1,1963,Mumbai,Good,No,30890000
1257,1812,2,4,2,2022,Pune,Excellent,No,19540000
1258,1785,2,2,3,2002,Mumbai,Excellent,No,50060000
1259,4811,5,4,2,1911,Bijapur,Poor,No,39460000
1260,2883,2,4,1,1906,Pune,Good,Yes,51560000
1261,3739,4,3,2,2022,Mumbai,Poor,No,46500000
1262,2639,1,4,2,1954,Mumbai,Good,Yes,47610000
1263,2204,3,1,1,2002,Mumbai,Excellent,No,37560000
1264,862,1,3,3,2005,Mumbai,Poor,No,41400000
1265,3104,3,3,2,1961,Bengaluru,Excellent,Yes,38100000
1266,2216,4,3,1,2011,Mumbai,Good,No,40150000
1267,4951,2,2,3,1989,Bijapur,Fair,No,24170000
1268,4786,5,2,3,2003,Bijapur,Good,No,25800000
1269,4238,4,4,3,1972,Bengaluru,Fair,No,42930000
1270,2969,1,3,2,2004,Pune,Excellent,No,31160000
1271,1056,5,3,2,1997,Pune,Excellent,Yes,44690000
1272,1325,2,1,2,2008,Bijapur,Poor,No,23730000
1273,3308,4,4,3,1976,Bijapur,Fair,No,47330000
1274,3219,5,1,2,1954,Bengaluru,Good,Yes,33650000
1275,4008,4,4,1,2018,Pune,Excellent,No,48850000
1276,4241,4,4,2,1935,Pune,Fair,Yes,49520000
1277,2074,2,2,2,1988,Mumbai,Good,No,18330000
1278,4498,3,2,3,1923,Mumbai,Fair,No,50180000
1279,2629,5,1,2,1943,Mumbai,Good,Yes,25660000
1280,2903,2,4,1,1916,Bengaluru,Good,No,43150000
1281,3829,4,3,3,1901,Bijapur,Good,No,27220000
1282,1088,2,2,1,1912,Bengaluru,Good,Yes,22880000
1283,2512,3,3,3,1930,Pune,Fair,Yes,19600000
1284,2047,5,1,3,1992,Bijapur,Fair,No,33960000
1285,794,3,2,2,2013,Mumbai,Poor,Yes,40730000
1286,2485,1,2,1,1927,Bengaluru,Fair,No,32950000
1287,3617,5,4,3,1959,Bengaluru,Fair,Yes,52910000
1288,2190,3,1,2,1926,Mumbai,Poor,No,42680000
1289,1636,4,4,3,1914,Bengaluru,Fair,Yes,40140000
1290,2564,5,2,3,1994,Mumbai,Good,Yes,20960000
1291,4955,5,1,3,2003,Pune,Excellent,Yes,41810000
1292,1507,2,2,3,1978,Bijapur,Excellent,Yes,53040000
1293,3014,4,1,3,1932,Pune,Poor,Yes,43300000
1294,4026,1,2,3,1919,Pune,Fair,Yes,54530000
1295,1747,3,3,2,1941,Mumbai,Fair,Yes,49920000
1296,4402,2,3,3,1911,Bengaluru,Poor,Yes,28770000
1297,1935,3,4,1,2000,Pune,Excellent,Yes,18540000
1298,1071,1,3,2,1972,Pune,Good,No,19280000
1299,2882,1,2,1,1922,Pune,Fair,Yes,21330000
1300,1745,5,2,3,1971,Bengaluru,Poor,No,54270000
1301,2584,1,3,1,1995,Bengaluru,Good,Yes,16540000
1302,777,3,4,3,2011,Mumbai,Poor,No,30690000
1303,2387,4,3,3,1913,Pune,Poor,No,53540000
1304,1765,4,1,2,1990,Bijapur,Poor,Yes,43120000
1305,1540,5,1,2,1924,Bengaluru,Excellent,Yes,44600000
1306,1417,3,1,3,1976,Mumbai,Excellent,No,36650000
1307,1385,3,3,2,2018,Pune,Poor,No,24120000
1308,3252,1,3,1,1984,Bijapur,Fair,Yes,39840000
1309,521,3,3,2,2008,Bengaluru,Good,Yes,28340000
1310,3691,2,1,2,1930,Bijapur,Fair,Yes,36580000
1311,2853,1,4,1,2000,Bengaluru,Excellent,No,36730000
1312,1186,2,2,2,2011,Mumbai,Good,Yes,18310000
1313,784,5,3,3,2021,Bijapur,Poor,Yes,45470000
1314,4247,4,4,1,2006,Pune,Fair,Yes,27680000
1315,1262,5,2,3,1953,Pune,Fair,Yes,37980000
1316,2928,4,2,1,1904,Bengaluru,Poor,Yes,51720000
1317,3007,5,2,3,1912,Pune,Fair,No,48640000
1318,528,3,4,3,1927,Bijapur,Excellent,No,45730000
1319,1406,2,4,2,1942,Mumbai,Poor,Yes,27780000
1320,3604,4,1,3,1988,Bengaluru,Fair,Yes,32170000
1321,4499,1,4,2,2014,Bijapur,Poor,No,52300000
1322,3494,2,4,1,1998,Bengaluru,Good,Yes,53720000
1323,3006,1,4,3,1946,Mumbai,Poor,No,12060000
1324,4109,2,2,3,2002,Bengaluru,Fair,Yes,28770000
1325,4053,2,3,1,1970,Pune,Excellent,No,30610000
1326,1953,5,1,1,1937,Pune,Poor,No,47110000
1327,3856,4,3,3,1995,Bengaluru,Poor,Yes,21820000
1328,1015,4,3,1,1966,Mumbai,Fair,No,37820000
1329,538,2,4,2,1961,Mumbai,Excellent,Yes,44060000
1330,3842,3,1,1,2008,Pune,Excellent,No,51410000
1331,1386,3,3,1,1938,Mumbai,Good,Yes,29220000
1332,3344,1,3,3,1936,Bengaluru,Good,Yes,51600000
1333,2704,1,1,2,2018,Bijapur,Fair,Yes,31670000
1334,1598,5,4,1,2013,Bengaluru,Excellent,No,13840000
1335,2323,2,3,2,1985,Pune,Excellent,Yes,39940000
1336,3701,1,2,2,1907,Pune,Good,Yes,45750000
1337,3655,1,3,2,1980,Pune,Good,Yes,49870000
1338,3593,2,2,3,1951,Mumbai,Fair,No,43040000
1339,4030,5,4,1,1990,Bengaluru,Excellent,Yes,27340000
1340,4278,1,3,3,1932,Bijapur,Poor,No,31700000
1341,3396,5,1,1,2009,Bengaluru,Good,No,16290000
1342,3953,4,1,1,1980,Bijapur,Fair,No,32500000
1343,4011,5,3,3,1941,Bengaluru,Excellent,Yes,33300000
1344,1488,3,4,2,1975,Pune,Excellent,Yes,22850000
1345,4616,3,4,2,2011,Bijapur,Good,No,21190000
1346,4526,5,1,1,2009,Bengaluru,Fair,Yes,43320000
1347,4679,3,3,3,1926,Mumbai,Poor,Yes,35120000
1348,2182,4,4,2,2011,Mumbai,Good,No,25120000
1349,4463,2,1,2,1907,Bengaluru,Fair,No,32700000
1350,1433,3,2,1,1922,Pune,Excellent,Yes,39150000
1351,4098,3,3,1,2023,Bijapur,Poor,No,54060000
1352,3733,5,2,3,2005,Bengaluru,Fair,Yes,54550000
1353,2480,4,2,1,2012,Mumbai,Poor,No,30910000
1354,2355,2,4,2,1963,Bijapur,Fair,Yes,56030000
1355,3556,5,4,2,2022,Mumbai,Fair,Yes,52770000
1356,1292,5,4,2,1992,Mumbai,Fair,No,49310000
1357,1291,4,3,2,2013,Bengaluru,Fair,Yes,27470000
1358,2309,2,2,3,1919,Mumbai,Poor,Yes,52920000
1359,2755,4,3,3,1915,Bijapur,Good,No,33400000
1360,4110,2,4,1,1916,Pune,Poor,Yes,25060000
1361,2107,4,2,1,1979,Bengaluru,Fair,Yes,46080000
1362,1484,5,3,1,1918,Bijapur,Poor,Yes,29520000
1363,4176,5,3,3,2019,Bengaluru,Poor,No,39710000
1364,3880,1,1,2,2019,Mumbai,Poor,No,52110000
1365,1019,3,3,1,1907,Mumbai,Fair,No,42320000
1366,1090,4,4,2,1937,Bijapur,Poor,No,44250000
1367,1550,1,3,1,1937,Bijapur,Excellent,No,29800000
1368,4133,3,2,1,1952,Pune,Fair,Yes,36720000
1369,4944,4,3,1,1992,Bijapur,Poor,Yes,31630000
1370,1459,2,1,1,2004,Bijapur,Excellent,Yes,39200000
1371,1192,3,2,1,1999,Bengaluru,Poor,No,52020000
1372,4399,5,2,2,1989,Mumbai,Good,Yes,47650000
1373,4973,1,1,1,1930,Bijapur,Poor,No,52670000
1374,3446,3,4,2,1943,Pune,Poor,Yes,34800000
1375,1026,3,2,3,1959,Bijapur,Good,No,34690000
1376,3724,5,4,1,1975,Mumbai,Fair,Yes,45070000
1377,2753,4,2,2,2018,Bijapur,Good,Yes,41830000
1378,3844,2,2,3,1916,Bengaluru,Fair,No,28740000
1379,4465,5,4,3,1978,Mumbai,Good,Yes,25710000
1380,2375,2,2,3,1972,Bijapur,Poor,Yes,40450000
1381,2263,4,4,2,1938,Bengaluru,Poor,No,49300000
1382,1020,3,1,1,1941,Mumbai,Fair,Yes,56480000
1383,1516,2,4,1,1947,Bijapur,Fair,Yes,30970000
1384,616,1,1,2,1911,Bengaluru,Excellent,No,36430000
1385,2933,1,2,1,1995,Pune,Excellent,No,24040000
1386,1083,5,4,2,1988,Bengaluru,Poor,No,20830000
1387,894,4,2,1,2002,Pune,Poor,No,33290000
1388,4288,5,4,3,1917,Bijapur,Excellent,No,31610000
1389,3268,5,1,1,1978,Bengaluru,Excellent,Yes,24780000
1390,4667,5,1,2,1995,Pune,Fair,No,55270000
1391,4360,1,4,2,1905,Mumbai,Good,No,26820000
1392,773,1,1,3,2021,Bengaluru,Fair,Yes,33640000
1393,2513,5,2,2,2007,Bijapur,Excellent,Yes,20540000
1394,4933,1,2,1,1942,Mumbai,Poor,Yes,43420000
1395,1889,4,3,1,2015,Pune,Excellent,Yes,49410000
1396,4066,5,1,3,1934,Bengaluru,Poor,Yes,26480000
1397,665,1,2,2,1997,Bengaluru,Poor,No,42380000
1398,2067,2,4,3,2001,Bijapur,Poor,Yes,47830000
1399,1228,5,1,1,2019,Mumbai,Poor,No,38630000
1400,2543,5,2,3,1953,Bengaluru,Good,Yes,38220000
1401,4697,4,1,2,2020,Bengaluru,Excellent,No,20670000
1402,3996,3,4,3,1961,Mumbai,Fair,Yes,38430000
1403,1278,3,2,2,1968,Bengaluru,Poor,No,28910000
1404,713,4,3,2,1981,Mumbai,Poor,No,38840000
1405,4262,4,3,1,1915,Mumbai,Fair,No,35480000
1406,2076,4,1,1,1907,Mumbai,Fair,No,40660000
1407,2948,3,4,1,1988,Bijapur,Poor,No,47710000
1408,3436,4,2,2,1995,Mumbai,Fair,No,34910000
1409,3617,1,4,3,1989,Mumbai,Fair,No,60760000
1410,1091,5,2,2,2015,Pune,Good,No,38220000
1411,3220,5,1,1,1985,Pune,Fair,No,36100000
1412,1213,2,2,1,1930,Bijapur,Excellent,No,49830000
1413,1435,2,4,3,2006,Mumbai,Excellent,Yes,48710000
1414,4837,5,4,1,1909,Pune,Excellent,No,39470000
1415,501,1,1,1,1955,Pune,Poor,No,29240000
1416,3348,3,4,1,2020,Bengaluru,Excellent,Yes,27730000
1417,4544,3,2,3,1975,Mumbai,Good,No,19310000
1418,2449,1,1,2,2016,Pune,Excellent,No,26810000
1419,1417,3,2,1,1991,Bijapur,Poor,Yes,42530000
1420,3674,4,4,3,1969,Bengaluru,Good,Yes,42240000
1421,2741,5,1,1,2022,Bengaluru,Excellent,No,26360000
1422,589,5,2,3,1919,Mumbai,Good,Yes,35700000
1423,2209,1,4,1,1904,Mumbai,Good,No,54320000
1424,2669,3,4,3,1922,Bengaluru,Poor,No,21780000
1425,4738,2,3,1,1908,Bijapur,Poor,No,19600000
1426,3541,2,4,2,1957,Mumbai,Good,Yes,46810000
1427,605,3,2,1,1958,Mumbai,Excellent,No,46780000
1428,1386,2,1,3,1992,Bengaluru,Poor,No,17720000
1429,927,1,3,1,1979,Bengaluru,Good,Yes,54330000
1430,2395,1,4,2,1953,Mumbai,Fair,No,28120000
1431,816,3,4,1,1945,Pune,Fair,No,20920000
1432,1134,2,4,3,1921,Mumbai,Poor,No,35770000
1433,2425,1,2,3,1963,Pune,Excellent,No,34750000
1434,2556,1,3,2,1907,Bengaluru,Fair,No,17200000
1435,3644,4,2,3,2022,Pune,Fair,No,51970000
1436,2770,4,3,1,1919,Bijapur,Fair,Yes,46780000
1437,1939,1,1,1,1950,Bengaluru,Excellent,No,20840000
1438,1052,3,2,1,1977,Mumbai,Excellent,No,17380000
1439,1215,5,2,3,1938,Mumbai,Poor,Yes,40400000
1440,4411,5,1,1,1936,Bengaluru,Poor,No,34260000
1441,2213,1,3,1,1949,Bengaluru,Fair,No,45640000
1442,3889,1,4,1,1933,Bijapur,Excellent,Yes,29210000
1443,1607,1,1,2,1974,Bengaluru,Good,Yes,15940000
1444,4706,3,4,3,2017,Mumbai,Fair,Yes,22080000
1445,750,4,4,3,2003,Bijapur,Poor,Yes,42670000
1446,2930,1,1,3,1932,Mumbai,Excellent,Yes,50410000
1447,2554,1,3,2,1930,Pune,Poor,Yes,50290000
1448,958,2,4,3,2022,Bengaluru,Poor,Yes,17740000
1449,707,3,1,2,1953,Pune,Excellent,No,39460000
1450,1399,1,2,2,1943,Mumbai,Fair,No,20070000
1451,3961,2,2,3,1933,Pune,Excellent,No,46760000
1452,3885,5,2,1,2013,Pune,Fair,Yes,33290000
1453,521,1,1,1,1970,Mumbai,Poor,No,54010000
1454,909,1,2,3,2021,Mumbai,Excellent,Yes,15980000
1455,1394,2,4,3,2012,Bengaluru,Good,No,56510000
1456,1014,3,2,2,2017,Pune,Fair,No,51850000
1457,4609,1,2,3,1961,Bijapur,Good,No,47260000
1458,2634,5,4,2,1922,Bijapur,Fair,No,41270000
1459,4095,1,2,3,1945,Mumbai,Excellent,Yes,48420000
1460,3456,5,4,1,1955,Mumbai,Good,Yes,24480000
1461,2060,4,2,1,1906,Pune,Excellent,No,33820000
1462,1766,4,4,3,2017,Mumbai,Fair,Yes,34040000
1463,2669,5,2,2,1988,Bijapur,Fair,Yes,26120000
1464,4138,3,4,1,1960,Bengaluru,Fair,No,15600000
1465,1249,1,1,2,1902,Bengaluru,Fair,Yes,27070000
1466,3927,1,4,3,2022,Pune,Poor,Yes,40880000
1467,2427,4,2,3,1937,Bengaluru,Fair,Yes,31680000
1468,4304,5,2,1,1983,Mumbai,Good,Yes,23120000
1469,4202,1,3,3,1933,Mumbai,Fair,No,49660000
1470,2856,1,4,1,2012,Mumbai,Excellent,No,28960000
1471,2835,3,1,2,1943,Mumbai,Poor,Yes,32820000
1472,806,2,4,1,2007,Pune,Good,No,52450000
1473,4165,4,4,1,1929,Bengaluru,Poor,No,12870000
1474,2489,4,1,2,1916,Bijapur,Poor,No,43750000
1475,1161,2,4,1,1958,Bengaluru,Poor,Yes,52620000
1476,811,1,1,1,1909,Mumbai,Excellent,Yes,48390000
1477,3420,3,1,3,1998,Bijapur,Poor,No,30620000
1478,1582,3,4,2,1983,Pune,Poor,No,32780000
1479,3471,4,4,1,1917,Mumbai,Fair,Yes,39560000
1480,1254,3,2,2,1944,Mumbai,Excellent,No,21000000
1481,4630,2,2,2,2007,Bijapur,Good,Yes,30380000
1482,852,1,3,1,1990,Pune,Good,No,53290000
1483,1402,2,3,3,1958,Bijapur,Good,Yes,32450000
1484,4388,5,4,2,1961,Pune,Excellent,Yes,50900000
1485,658,4,1,1,1958,Mumbai,Good,Yes,48870000
1486,2477,3,3,2,1948,Bengaluru,Excellent,Yes,35570000
1487,1456,5,4,3,1999,Mumbai,Fair,No,30920000
1488,2571,3,3,3,1962,Bengaluru,Fair,Yes,36340000
1489,903,1,1,3,1986,Bengaluru,Excellent,No,40610000
1490,3279,1,4,1,1931,Pune,Good,Yes,33820000
1491,1887,1,1,1,1909,Bijapur,Excellent,Yes,38980000
1492,3953,3,4,3,1910,Pune,Excellent,No,25770000
1493,1455,5,3,1,2001,Mumbai,Poor,No,53250000
1494,2212,1,2,3,1969,Bijapur,Excellent,No,24520000
1495,1773,5,3,1,2022,Bengaluru,Poor,Yes,30650000
1496,4311,3,3,3,2004,Bengaluru,Fair,Yes,40480000
1497,3125,5,2,2,1961,Mumbai,Poor,No,32400000
1498,2882,3,2,3,1946,Bijapur,Excellent,Yes,23850000
1499,1941,3,4,3,1933,Mumbai,Fair,No,39620000
1500,3479,4,4,1,1999,Mumbai,Poor,Yes,16810000
1501,2297,3,1,1,2000,Pune,Excellent,Yes,32310000
1502,4890,3,1,1,1916,Mumbai,Fair,Yes,27620000
1503,4509,2,3,1,2003,Bijapur,Poor,No,43110000
1504,1894,1,2,1,2003,Mumbai,Excellent,Yes,17640000
1505,4781,4,1,1,1953,Bijapur,Excellent,No,52150000
1506,1769,4,3,2,1975,Bengaluru,Good,No,42700000
1507,4214,4,2,3,1984,Mumbai,Good,Yes,35510000
1508,1029,2,4,3,1939,Bijapur,Poor,No,26940000
1509,4123,3,3,3,1918,Bengaluru,Poor,No,48450000
1510,3458,1,4,2,1966,Bijapur,Poor,Yes,26490000
1511,3414,5,1,3,1981,Bengaluru,Excellent,No,51330000
1512,4091,3,1,2,1952,Pune,Poor,No,54370000
1513,2647,2,2,2,2014,Mumbai,Excellent,Yes,20590000
1514,3869,3,3,2,1963,Mumbai,Poor,Yes,30320000
1515,1439,3,4,3,1982,Bengaluru,Excellent,Yes,45960000
1516,1025,2,2,2,1946,Pune,Excellent,No,50680000
1517,501,4,1,3,1905,Bijapur,Good,No,42660000
1518,874,4,1,3,1915,Pune,Fair,Yes,22070000
1519,2840,1,3,1,1971,Bijapur,Excellent,No,44710000
1520,4505,1,4,1,2011,Bijapur,Poor,Yes,50770000
1521,3552,4,3,2,1917,Mumbai,Good,Yes,24870000
1522,2865,5,4,2,1951,Bengaluru,Poor,Yes,55800000
1523,2025,3,4,3,1947,Mumbai,Poor,No,28490000
1524,4976,5,3,2,1942,Mumbai,Excellent,No,40320000
1525,2146,3,2,2,1938,Mumbai,Excellent,Yes,45970000
1526,513,4,3,3,1948,Bijapur,Fair,Yes,53240000
1527,2778,1,3,2,2012,Mumbai,Excellent,No,36720000
1528,3655,1,1,2,1911,Bijapur,Excellent,Yes,44970000
1529,629,5,1,3,2008,Bengaluru,Fair,No,32940000
1530,4314,1,3,3,1909,Bijapur,Poor,Yes,16140000
1531,3716,4,3,1,1970,Bijapur,Fair,Yes,19150000
1532,3438,5,1,3,2009,Pune,Fair,No,52900000
1533,4428,3,4,1,1954,Mumbai,Fair,No,24330000
1534,2540,1,3,2,1900,Mumbai,Good,No,32800000
1535,527,2,2,3,1948,Mumbai,Poor,No,28440000
1536,2613,1,2,3,1935,Mumbai,Good,No,46410000
1537,1752,3,2,3,1920,Pune,Good,Yes,49580000
1538,4856,5,3,2,1936,Pune,Excellent,Yes,47150000
1539,2546,3,4,1,2015,Pune,Fair,No,21310000
1540,4523,2,4,2,1923,Pune,Fair,No,44000000
1541,4896,4,1,2,1954,Mumbai,Good,Yes,45930000
1542,3874,1,3,3,1924,Bijapur,Excellent,Yes,50120000
1543,3966,5,4,1,1906,Bengaluru,Excellent,No,29530000
1544,3581,4,3,2,2005,Pune,Excellent,No,30310000
1545,4278,3,1,3,1980,Bijapur,Poor,Yes,41120000
1546,1129,5,1,2,1992,Pune,Good,No,33770000
1547,769,4,1,2,1993,Mumbai,Poor,Yes,38380000
1548,3139,5,2,3,1970,Mumbai,Excellent,Yes,40330000
1549,2493,2,3,3,1996,Bijapur,Excellent,No,38870000
1550,3391,2,1,1,1970,Bijapur,Excellent,Yes,51420000
1551,3932,1,3,2,2021,Bijapur,Fair,Yes,46100000
1552,1780,1,2,3,1923,Mumbai,Good,Yes,29280000
1553,2860,2,2,3,1910,Mumbai,Fair,No,52600000
1554,1075,5,1,1,1972,Bengaluru,Poor,Yes,38400000
1555,1807,2,1,1,1911,Bijapur,Fair,No,34870000
1556,3692,1,4,3,1934,Bengaluru,Good,Yes,53390000
1557,3678,2,3,1,1962,Pune,Fair,Yes,44200000
1558,3234,2,1,3,1967,Bengaluru,Excellent,Yes,40810000
1559,2712,5,4,2,1999,Pune,Poor,Yes,50500000
1560,2852,4,3,1,1991,Pune,Poor,Yes,45050000
1561,4068,1,1,2,1956,Bengaluru,Excellent,No,34480000
1562,2155,5,4,2,1912,Bijapur,Excellent,No,35340000
1563,2079,2,4,2,1922,Pune,Excellent,Yes,46250000
1564,2703,2,3,3,1982,Bijapur,Good,No,53540000
1565,1890,4,4,2,2005,Mumbai,Fair,No,53980000
1566,2242,1,3,2,2000,Pune,Poor,Yes,35100000
1567,2425,1,3,2,1938,Mumbai,Fair,No,51080000
1568,1119,3,3,3,1987,Bengaluru,Excellent,No,36080000
1569,1774,1,2,2,1979,Bijapur,Excellent,No,26170000
1570,1456,4,4,2,1996,Bengaluru,Fair,No,15420000
1571,2439,3,3,1,1911,Pune,Poor,Yes,41550000
1572,4453,3,1,3,1933,Mumbai,Good,No,26320000
1573,2881,2,2,2,1970,Pune,Fair,Yes,49340000
1574,1468,2,2,1,1974,Bengaluru,Excellent,Yes,50150000
1575,1816,1,4,3,1930,Bijapur,Excellent,No,15070000
1576,1543,3,3,3,1992,Bijapur,Good,Yes,30010000
1577,781,2,4,3,1961,Pune,Fair,No,26090000
1578,3344,4,2,3,1912,Pune,Good,Yes,32720000
1579,1558,2,3,3,1930,Mumbai,Good,No,33830000
1580,4793,2,1,3,1901,Bengaluru,Poor,No,47610000
1581,3032,3,3,2,2002,Pune,Poor,Yes,41850000
1582,4328,3,2,2,1914,Mumbai,Excellent,No,36090000
1583,1508,5,1,2,1956,Pune,Fair,No,46340000
1584,1729,4,3,2,1974,Bijapur,Poor,No,32800000
1585,1535,3,1,1,1933,Mumbai,Excellent,No,40040000
1586,775,1,1,2,2002,Mumbai,Fair,Yes,19810000
1587,3240,4,2,3,1967,Pune,Excellent,Yes,54670000
1588,2789,4,1,2,1974,Bengaluru,Poor,Yes,22060000
1589,1739,3,4,2,1928,Bijapur,Excellent,No,33760000
1590,625,4,2,3,1965,Bengaluru,Fair,Yes,30390000
1591,4565,3,4,2,1915,Mumbai,Fair,No,54750000
1592,4812,2,1,2,1938,Bengaluru,Excellent,No,32370000
1593,4368,5,4,2,1976,Mumbai,Fair,No,14280000
1594,1708,2,3,1,1936,Bengaluru,Excellent,Yes,20030000
1595,3749,3,1,2,1980,Pune,Fair,Yes,52360000
1596,1418,3,3,3,1920,Bengaluru,Excellent,Yes,35490000
1597,4423,2,4,3,1943,Mumbai,Excellent,Yes,48230000
1598,4903,1,3,2,2023,Bijapur,Excellent,No,47310000
1599,2469,1,1,2,1918,Bijapur,Good,Yes,45280000
1600,3293,1,3,2,1970,Bijapur,Fair,Yes,27970000
1601,1391,3,4,3,2001,Mumbai,Poor,Yes,46450000
1602,4970,4,4,3,1907,Bengaluru,Excellent,Yes,24150000
1603,2533,3,4,1,1976,Bijapur,Good,No,39540000
1604,1864,4,1,1,2000,Bijapur,Poor,Yes,40140000
1605,628,2,4,1,1965,Bijapur,Excellent,Yes,44650000
1606,1514,5,1,3,1940,Pune,Poor,Yes,30880000
1607,2299,4,3,1,1974,Mumbai,Good,No,37370000
1608,2018,1,4,2,1987,Mumbai,Poor,Yes,19140000
1609,4681,3,3,2,1969,Mumbai,Excellent,Yes,19450000
1610,1698,2,2,3,1960,Mumbai,Poor,Yes,33730000
1611,4373,1,3,1,1925,Mumbai,Poor,No,17900000
1612,2974,2,2,2,1970,Pune,Excellent,No,24760000
1613,3985,5,3,3,2020,Bengaluru,Good,Yes,48640000
1614,4549,3,1,1,2002,Pune,Good,Yes,16030000
1615,4219,3,3,2,1982,Bijapur,Poor,No,51380000
1616,802,5,1,1,1969,Pune,Fair,No,42250000
1617,4452,3,1,3,2006,Mumbai,Poor,No,56790000
1618,1486,4,4,1,1928,Pune,Fair,No,42210000
1619,2363,2,1,3,2006,Mumbai,Poor,No,21760000
1620,4940,1,2,1,2002,Pune,Good,Yes,20080000
1621,3572,5,4,2,1965,Mumbai,Poor,Yes,49400000
1622,3624,4,4,3,1918,Bijapur,Poor,Yes,34710000
1623,1827,1,3,3,1967,Mumbai,Fair,Yes,40320000
1624,2908,1,1,3,1957,Pune,Good,No,51890000
1625,4173,5,1,1,1969,Bijapur,Fair,No,23080000
1626,3791,4,2,1,2012,Pune,Poor,No,43500000
1627,4533,1,3,2,1956,Bijapur,Excellent,No,22590000
1628,1203,1,3,3,1936,Bengaluru,Poor,No,25740000
1629,1074,4,4,3,1960,Bengaluru,Poor,Yes,48530000
1630,3732,3,4,1,1991,Bengaluru,Fair,Yes,28070000
1631,3132,1,4,1,1929,Pune,Excellent,Yes,50440000
1632,4328,2,2,2,1970,Pune,Excellent,Yes,19320000
1633,3730,4,2,2,1972,Bijapur,Fair,Yes,17140000
1634,988,1,4,1,1924,Bijapur,Good,No,45740000
1635,1847,5,3,3,1996,Bijapur,Excellent,No,34890000
1636,4181,2,2,2,1964,Bijapur,Excellent,No,20980000
1637,3673,1,3,1,2014,Mumbai,Fair,No,39690000
1638,2167,2,3,1,1905,Bengaluru,Good,No,45520000
1639,2137,2,1,3,1917,Mumbai,Good,Yes,48020000
1640,4614,3,4,1,1909,Mumbai,Poor,Yes,41760000
1641,4053,2,1,1,1991,Mumbai,Poor,Yes,38660000
1642,1500,3,4,2,1910,Mumbai,Fair,No,18570000
1643,1350,4,4,1,1996,Bengaluru,Good,No,46550000
1644,1888,3,3,1,1964,Mumbai,Fair,No,56560000
1645,4212,5,4,2,1976,Bijapur,Poor,No,17550000
1646,1867,1,3,3,2000,Pune,Fair,Yes,34190000
1647,1321,4,3,3,1983,Bijapur,Fair,No,55500000
1648,954,4,4,2,1964,Pune,Excellent,Yes,56580000
1649,2124,5,3,2,1951,Bijapur,Excellent,No,30020000
1650,3272,3,3,3,1966,Bijapur,Excellent,Yes,56480000
1651,4226,1,3,3,1981,Pune,Poor,No,43800000
1652,3647,3,2,3,2004,Bengaluru,Fair,No,50330000
1653,4589,2,3,3,1977,Mumbai,Excellent,Yes,32710000
1654,2690,3,2,3,1930,Bijapur,Excellent,Yes,34620000
1655,1416,4,2,2,1990,Bengaluru,Excellent,No,14700000
1656,4486,1,3,1,1916,Mumbai,Poor,Yes,46950000
1657,3375,3,3,3,1954,Bengaluru,Poor,No,35790000
1658,1940,1,2,3,2009,Bengaluru,Fair,No,52900000
1659,4900,1,2,1,1992,Mumbai,Fair,Yes,23570000
1660,1235,2,3,1,1935,Bijapur,Fair,No,56220000
1661,4068,2,3,1,2000,Bengaluru,Excellent,No,34890000
1662,3838,4,4,1,1925,Bijapur,Good,Yes,20960000
1663,3515,5,2,1,1952,Bijapur,Poor,No,50360000
1664,3389,1,2,1,1916,Bijapur,Excellent,No,14280000
1665,1461,5,4,2,1985,Mumbai,Excellent,No,32880000
1666,3489,4,2,1,1924,Pune,Fair,No,27840000
1667,4348,1,1,1,1901,Bijapur,Fair,Yes,15230000
1668,1526,1,2,2,2018,Pune,Excellent,Yes,27640000
1669,4365,5,4,1,1985,Pune,Poor,Yes,43330000
1670,3363,3,1,3,1904,Bengaluru,Poor,No,53190000
1671,3001,2,3,3,1903,Bijapur,Excellent,Yes,35070000
1672,2447,3,4,1,1935,Bijapur,Good,Yes,46920000
1673,1677,5,4,2,1905,Bijapur,Good,Yes,22400000
1674,511,2,3,3,2015,Pune,Poor,No,17750000
1675,4899,3,4,2,1920,Mumbai,Fair,Yes,52270000
1676,3864,2,2,3,1976,Pune,Good,Yes,56380000
1677,3522,1,3,1,2017,Bijapur,Good,No,27850000
1678,3871,3,4,2,2000,Bijapur,Fair,No,41300000
1679,3330,2,3,2,2018,Bijapur,Good,No,22370000
1680,542,2,3,2,1988,Pune,Excellent,No,45520000
1681,1443,2,3,3,1925,Bijapur,Good,No,45110000
1682,2890,3,1,3,1954,Bengaluru,Fair,No,49700000
1683,3045,4,4,3,1938,Bijapur,Excellent,Yes,16310000
1684,2911,3,1,1,1983,Mumbai,Good,Yes,30530000
1685,1504,5,4,3,1932,Bengaluru,Poor,No,45870000
1686,520,3,2,1,1913,Bijapur,Excellent,No,36440000
1687,906,2,2,2,1955,Bengaluru,Excellent,Yes,17170000
1688,1514,1,2,2,1999,Bijapur,Poor,No,25590000
1689,4931,3,4,1,1980,Mumbai,Poor,No,54770000
1690,2338,3,3,3,1920,Bijapur,Good,Yes,38470000
1691,3688,2,3,1,1945,Bengaluru,Good,No,20300000
1692,1214,1,1,2,1915,Mumbai,Fair,No,53650000
1693,4646,1,1,2,2009,Pune,Fair,Yes,14890000
1694,4354,5,2,1,1915,Mumbai,Excellent,Yes,24860000
1695,4919,3,1,3,2019,Mumbai,Poor,Yes,52450000
1696,640,1,4,3,1983,Mumbai,Poor,Yes,31900000
1697,1463,1,4,1,1928,Bengaluru,Fair,Yes,26350000
1698,872,4,1,1,1991,Mumbai,Excellent,No,22720000
1699,4135,4,1,3,1907,Bijapur,Excellent,No,38750000
1700,3041,1,1,2,1987,Mumbai,Fair,No,58370000
1701,4110,5,1,1,1902,Mumbai,Fair,No,20200000
1702,2192,1,2,3,1988,Bijapur,Fair,No,47740000
1703,605,2,2,3,1918,Bijapur,Good,Yes,48610000
1704,2181,3,1,2,1996,Pune,Excellent,No,43010000
1705,4597,5,4,2,1965,Mumbai,Excellent,No,27010000
1706,4516,2,2,2,1978,Bengaluru,Excellent,No,34760000
1707,3136,5,4,2,1985,Mumbai,Fair,No,54810000
1708,2637,2,3,2,2023,Mumbai,Fair,No,25380000
1709,3916,3,4,1,1973,Bijapur,Fair,Yes,46850000
1710,4945,3,1,3,1981,Pune,Fair,No,45090000
1711,4030,4,3,1,1921,Mumbai,Poor,No,17850000
1712,1786,2,2,1,1945,Bengaluru,Fair,No,26120000
1713,3679,4,2,1,2012,Mumbai,Good,No,34540000
1714,4154,2,3,1,1990,Bengaluru,Poor,No,29080000
1715,2859,4,4,1,1912,Bijapur,Poor,No,26430000
1716,944,3,2,2,1932,Pune,Fair,Yes,23120000
1717,535,5,1,2,1904,Mumbai,Excellent,No,28190000
1718,1975,4,3,3,1989,Pune,Fair,Yes,37970000
1719,4457,2,1,1,1976,Mumbai,Excellent,Yes,23640000
1720,2298,2,3,3,1926,Bengaluru,Fair,No,52050000
1721,2345,3,2,2,2020,Pune,Fair,No,41780000
1722,1908,2,4,2,1977,Mumbai,Excellent,No,32930000
1723,2208,1,3,2,1923,Bijapur,Excellent,Yes,55940000
1724,3438,5,3,1,1966,Bengaluru,Excellent,No,19690000
1725,1800,4,1,1,2010,Pune,Excellent,No,39050000
1726,1743,5,2,2,2014,Mumbai,Good,No,41100000
1727,4476,3,1,3,1962,Pune,Excellent,Yes,34900000
1728,3597,4,2,3,2012,Mumbai,Fair,Yes,57920000
1729,509,4,1,2,1993,Bengaluru,Fair,No,15800000
1730,2925,1,3,3,1998,Bijapur,Good,Yes,31280000
1731,2160,3,1,2,1947,Bengaluru,Excellent,No,22080000
1732,3131,2,4,3,1962,Pune,Fair,Yes,54980000
1733,1572,1,2,2,1977,Pune,Good,No,27790000
1734,3725,1,2,3,1911,Mumbai,Fair,Yes,20840000
1735,1816,5,3,1,1927,Bengaluru,Good,No,14890000
1736,4645,5,2,2,1943,Mumbai,Good,No,34320000
1737,4183,5,4,2,1992,Bengaluru,Poor,Yes,16200000
1738,3773,1,1,3,1942,Pune,Poor,Yes,46310000
1739,645,2,3,2,1916,Mumbai,Excellent,Yes,22090000
1740,3540,4,4,2,1939,Mumbai,Poor,Yes,36160000
1741,1962,5,2,2,1948,Bengaluru,Good,Yes,53850000
1742,2084,2,2,1,1984,Bijapur,Fair,No,44750000
1743,982,3,4,1,1956,Bengaluru,Fair,No,52020000
1744,3679,5,1,3,1986,Bijapur,Excellent,Yes,27370000
1745,1749,4,1,1,1983,Bengaluru,Poor,No,23870000
1746,1130,3,3,3,1963,Pune,Excellent,No,35680000
1747,1161,3,2,1,1974,Mumbai,Good,Yes,17920000
1748,4003,4,4,3,1956,Bengaluru,Poor,No,24610000
1749,3352,5,1,1,2020,Pune,Excellent,No,41030000
1750,2966,1,3,1,1997,Bengaluru,Fair,Yes,27190000
1751,1487,4,2,3,1973,Mumbai,Fair,Yes,45360000
1752,2046,4,2,2,1973,Bengaluru,Excellent,No,31090000
1753,1149,4,3,2,2006,Bijapur,Excellent,Yes,42190000
1754,1468,3,3,1,2023,Mumbai,Excellent,No,46220000
1755,3137,2,1,3,1969,Bijapur,Good,Yes,33910000
1756,1600,1,4,2,1999,Pune,Good,Yes,32380000
1757,940,5,2,3,1987,Pune,Fair,Yes,48380000
1758,1269,5,4,2,1975,Bengaluru,Good,Yes,32940000
1759,1843,2,2,3,1942,Bijapur,Good,No,24410000
1760,4858,4,2,1,2018,Bijapur,Poor,Yes,37370000
1761,4229,1,4,3,1922,Mumbai,Good,Yes,51950000
1762,4406,5,3,2,1926,Bijapur,Poor,No,22580000
1763,2077,5,1,1,1957,Bijapur,Good,No,40800000
1764,4508,4,2,3,2020,Mumbai,Fair,No,55500000
1765,3851,2,3,2,2008,Mumbai,Excellent,No,15530000
1766,2849,1,2,1,1936,Bijapur,Fair,Yes,13370000
1767,4102,2,1,3,1905,Bengaluru,Good,No,36250000
1768,1741,2,2,2,1964,Mumbai,Excellent,Yes,25750000
1769,1625,1,1,3,1905,Mumbai,Excellent,No,26710000
1770,3101,1,1,3,1949,Bijapur,Excellent,Yes,36140000
1771,1690,5,2,1,1921,Bijapur,Poor,No,13190000
1772,4631,5,2,1,2004,Mumbai,Fair,Yes,42830000
1773,4948,1,1,2,1987,Bijapur,Poor,Yes,24410000
1774,572,3,3,1,1924,Mumbai,Excellent,No,29180000
1775,2414,5,4,2,1978,Bengaluru,Fair,Yes,43230000
1776,2972,3,1,3,1989,Bengaluru,Fair,Yes,55750000
1777,3546,1,2,3,1971,Mumbai,Good,Yes,52160000
1778,1207,5,2,2,1950,Mumbai,Poor,Yes,31440000
1779,2304,2,3,3,1987,Pune,Poor,No,33830000
1780,4213,1,4,1,1947,Pune,Good,Yes,32530000
1781,3064,4,1,3,2001,Bijapur,Poor,Yes,18650000
1782,2975,3,1,1,1969,Bijapur,Excellent,No,39420000
1783,4110,1,4,2,2017,Mumbai,Excellent,No,46810000
1784,4755,1,1,2,1998,Mumbai,Poor,No,33590000
1785,3323,5,4,3,2005,Pune,Good,Yes,41850000
1786,2235,5,2,3,1964,Pune,Fair,Yes,55080000
1787,2085,5,4,1,1959,Mumbai,Poor,No,33990000
1788,566,4,1,1,1945,Bengaluru,Fair,Yes,56610000
1789,3561,5,4,3,1935,Bengaluru,Good,No,36820000
1790,2928,1,3,3,1957,Bijapur,Fair,Yes,35610000
1791,4653,5,2,2,1975,Mumbai,Good,No,46570000
1792,841,2,2,2,1937,Mumbai,Good,Yes,25090000
1793,3274,5,4,2,1910,Bijapur,Excellent,No,44350000
1794,3317,4,1,3,1911,Pune,Excellent,Yes,42120000
1795,3161,2,3,3,1941,Pune,Good,No,28990000
1796,1732,1,2,3,2013,Bengaluru,Poor,Yes,57910000
1797,4374,1,2,2,1938,Mumbai,Excellent,Yes,36450000
1798,2901,3,1,3,1970,Pune,Good,Yes,45100000
1799,1994,2,1,1,1910,Bengaluru,Fair,No,54520000
1800,4711,3,3,3,1935,Bengaluru,Fair,Yes,20470000
1801,1161,2,4,3,1951,Bengaluru,Poor,Yes,37840000
1802,4383,2,1,3,1930,Pune,Fair,Yes,22060000
1803,4119,4,4,3,1932,Pune,Fair,No,46550000
1804,2368,3,3,3,1912,Mumbai,Good,Yes,49500000
1805,2834,4,4,1,1917,Mumbai,Fair,No,31790000
1806,3874,2,2,1,1940,Bengaluru,Fair,Yes,13570000
1807,1516,1,4,3,1957,Bengaluru,Fair,No,44400000
1808,4906,2,3,2,1955,Pune,Fair,No,44160000
1809,707,4,3,3,1923,Pune,Good,Yes,44830000
1810,3165,3,3,3,1972,Mumbai,Fair,No,24180000
1811,2993,3,4,3,1930,Mumbai,Poor,No,19950000
1812,1132,4,2,2,1954,Bijapur,Excellent,Yes,51310000
1813,2602,3,1,2,2004,Mumbai,Poor,No,53550000
1814,3459,5,2,2,1909,Pune,Excellent,No,37210000
1815,3583,1,4,1,1959,Bengaluru,Poor,No,40160000
1816,2431,1,4,2,1901,Bijapur,Excellent,No,36030000
1817,4219,1,1,1,2001,Mumbai,Excellent,Yes,28730000
1818,3062,3,4,1,1914,Mumbai,Excellent,No,34100000
1819,2179,3,3,2,1902,Pune,Excellent,No,54070000
1820,736,2,3,2,1942,Bijapur,Good,Yes,21960000
1821,4943,2,3,2,1930,Mumbai,Poor,Yes,45500000
1822,2040,1,3,1,1969,Bengaluru,Excellent,No,49890000
1823,4443,5,3,3,1966,Pune,Poor,Yes,50850000
1824,863,2,4,2,1955,Bijapur,Fair,Yes,39400000
1825,2868,2,1,2,1962,Mumbai,Excellent,Yes,55290000
1826,785,3,1,2,1974,Mumbai,Poor,Yes,41250000
1827,648,5,3,1,1914,Bijapur,Good,Yes,18820000
1828,4537,1,4,1,2008,Pune,Poor,Yes,17270000
1829,2266,2,2,3,2015,Bijapur,Excellent,Yes,30320000
1830,1512,5,2,2,1991,Bijapur,Fair,Yes,31940000
1831,3331,5,4,1,1909,Pune,Poor,Yes,43190000
1832,3007,1,3,3,1937,Mumbai,Fair,No,41230000
1833,2023,5,1,2,1946,Bengaluru,Good,No,33810000
1834,3285,5,4,1,1956,Pune,Poor,No,42750000
1835,3056,5,2,2,1949,Bengaluru,Poor,No,33290000
1836,4225,2,2,2,2013,Mumbai,Good,No,25670000
1837,2101,1,2,1,1970,Bijapur,Good,Yes,23180000
1838,2908,5,3,1,1914,Bengaluru,Good,Yes,45520000
1839,840,5,2,1,1917,Mumbai,Excellent,No,18080000
1840,3317,2,4,2,1981,Mumbai,Excellent,No,21890000
1841,2996,1,4,2,2015,Bijapur,Poor,Yes,40190000
1842,2225,3,2,3,2004,Bijapur,Poor,No,17040000
1843,2189,2,4,2,1987,Mumbai,Poor,Yes,37570000
1844,3767,1,2,1,1901,Mumbai,Fair,No,51120000
1845,4906,5,2,2,2003,Bengaluru,Good,Yes,31360000
1846,761,1,1,3,1983,Mumbai,Poor,No,27570000
1847,1942,1,3,3,1997,Mumbai,Good,Yes,40470000
1848,905,1,3,1,1942,Bengaluru,Excellent,No,40290000
1849,2690,3,1,1,1925,Pune,Good,No,38950000
1850,4937,1,1,3,1970,Bengaluru,Fair,Yes,22230000
1851,743,3,3,3,1937,Bengaluru,Fair,Yes,49360000
1852,4607,5,2,3,1993,Bijapur,Good,No,23910000
1853,1060,3,2,1,1941,Bengaluru,Fair,No,45750000
1854,4637,5,3,3,1904,Mumbai,Fair,Yes,55380000
1855,3225,5,2,3,1910,Mumbai,Excellent,Yes,52090000
1856,1093,3,1,1,1964,Mumbai,Poor,Yes,19460000
1857,2326,2,2,2,1933,Pune,Fair,No,22670000
1858,3729,4,2,2,2019,Mumbai,Poor,No,26450000
1859,3787,1,4,3,1900,Pune,Good,Yes,31260000
1860,4573,4,4,2,1982,Mumbai,Good,No,22620000
1861,633,1,4,2,1901,Bengaluru,Fair,No,36000000
1862,3638,1,2,2,1984,Bijapur,Good,Yes,22020000
1863,4419,5,3,2,1919,Mumbai,Excellent,No,35230000
1864,572,1,1,3,1960,Pune,Fair,Yes,58700000
1865,4994,1,2,2,1986,Pune,Fair,Yes,39750000
1866,4725,3,3,2,1920,Bijapur,Fair,No,49210000
1867,3478,4,2,1,1987,Mumbai,Good,No,16690000
1868,4861,3,1,3,1967,Bengaluru,Good,Yes,53720000
1869,2485,1,2,1,1911,Mumbai,Fair,Yes,41980000
1870,1292,5,1,1,1921,Mumbai,Poor,Yes,18880000
1871,4759,3,2,3,1919,Bijapur,Good,No,52420000
1872,594,3,1,2,1981,Mumbai,Good,Yes,15250000
1873,1633,2,2,1,1900,Bengaluru,Fair,Yes,25660000
1874,737,1,1,3,1929,Pune,Poor,Yes,18500000
1875,3446,5,4,2,1996,Bijapur,Fair,Yes,40920000
1876,3030,3,2,3,1923,Bengaluru,Good,No,19780000
1877,2460,3,2,1,1913,Pune,Fair,No,43520000
1878,1548,5,3,2,1935,Bijapur,Fair,Yes,23230000
1879,3029,1,3,2,1968,Bijapur,Fair,No,45830000
1880,3464,2,1,3,1974,Pune,Poor,No,47950000
1881,1463,3,2,2,1923,Pune,Fair,No,20750000
1882,1036,2,1,1,1959,Bengaluru,Good,Yes,28260000
1883,4723,4,4,1,1994,Mumbai,Fair,No,24540000
1884,4179,1,3,1,1954,Mumbai,Poor,No,51500000
1885,4687,4,1,3,1976,Mumbai,Excellent,Yes,46220000
1886,4224,4,1,2,1979,Mumbai,Poor,Yes,41820000
1887,1042,4,3,2,1923,Mumbai,Fair,No,22480000
1888,1345,1,2,2,1976,Bengaluru,Excellent,No,36320000
1889,4103,1,1,1,1923,Bijapur,Fair,Yes,27040000
1890,3536,5,3,2,1953,Bengaluru,Poor,Yes,49940000
1891,2994,2,2,1,1925,Bengaluru,Excellent,Yes,32030000
1892,4985,2,4,2,1965,Bengaluru,Excellent,Yes,39300000
1893,3219,5,3,1,1979,Bijapur,Fair,No,29110000
1894,2384,5,1,2,1937,Bengaluru,Fair,Yes,25720000
1895,4638,4,4,3,2009,Bengaluru,Poor,No,47860000
1896,4849,5,2,3,1964,Bijapur,Fair,No,53590000
1897,3701,3,2,1,2012,Bengaluru,Excellent,No,46020000
1898,3210,2,3,1,1974,Mumbai,Good,Yes,52370000
1899,2453,5,3,2,1950,Pune,Good,Yes,39140000
1900,4350,3,3,2,1934,Bengaluru,Poor,No,29830000
1901,1189,3,2,3,1942,Pune,Fair,No,55690000
1902,2450,3,4,2,1928,Bengaluru,Poor,No,37940000
1903,956,3,2,1,1936,Bengaluru,Good,No,31590000
1904,2630,4,1,1,1980,Mumbai,Good,No,47780000
1905,4476,3,2,1,1957,Bijapur,Fair,Yes,24650000
1906,4744,4,1,1,1953,Pune,Excellent,Yes,34030000
1907,1679,4,4,1,1938,Bijapur,Fair,Yes,53030000
1908,4785,3,3,3,1941,Mumbai,Good,No,27220000
1909,4065,2,3,3,1927,Mumbai,Excellent,No,50390000
1910,1382,3,2,1,1928,Pune,Poor,Yes,43230000
1911,899,3,3,2,1942,Bijapur,Good,Yes,17030000
1912,1108,3,4,1,1902,Mumbai,Poor,No,41970000
1913,2138,2,3,3,2015,Bengaluru,Excellent,Yes,30630000
1914,2648,1,2,1,1909,Bengaluru,Poor,Yes,20620000
1915,1882,1,4,3,1958,Bengaluru,Good,Yes,21960000
1916,1903,4,1,3,2005,Bijapur,Fair,No,34100000
1917,1319,4,2,1,1913,Bengaluru,Poor,No,17050000
1918,3792,2,1,1,1975,Bengaluru,Good,Yes,17630000
1919,1319,5,4,2,1946,Mumbai,Good,No,24390000
1920,919,1,2,3,1941,Mumbai,Excellent,Yes,54330000
1921,4719,4,2,2,1993,Bengaluru,Good,Yes,22980000
1922,3802,1,4,1,1931,Bengaluru,Fair,No,17740000
1923,2008,2,3,3,1931,Mumbai,Fair,No,42780000
1924,1267,2,2,2,1941,Pune,Poor,No,29010000
1925,2544,5,2,2,1931,Bijapur,Poor,Yes,39130000
1926,2639,5,1,2,1925,Bijapur,Poor,Yes,31310000
1927,3529,2,3,1,2014,Mumbai,Poor,Yes,23100000
1928,2049,4,1,1,1900,Bijapur,Fair,No,18780000
1929,2264,1,1,1,1955,Mumbai,Excellent,Yes,40290000
1930,3145,3,3,3,2021,Mumbai,Poor,Yes,24960000
1931,4216,5,3,1,2005,Mumbai,Excellent,Yes,25330000
1932,4981,3,4,3,1901,Mumbai,Good,Yes,21350000
1933,2793,4,3,2,1980,Pune,Good,No,29290000
1934,3208,5,2,2,1929,Bengaluru,Poor,No,14410000
1935,1400,3,3,1,2019,Bengaluru,Good,No,56120000
1936,3584,4,4,2,2002,Pune,Excellent,Yes,20550000
1937,2509,1,4,1,1970,Bijapur,Excellent,Yes,19390000
1938,741,4,4,3,1951,Bijapur,Good,Yes,40790000
1939,2885,5,3,2,1990,Bengaluru,Poor,No,45810000
1940,4768,2,3,1,1908,Bijapur,Excellent,No,25250000
1941,1171,1,1,2,1921,Bengaluru,Excellent,No,26460000
1942,663,3,1,2,1933,Bengaluru,Fair,No,43060000
1943,964,5,2,1,2009,Pune,Poor,No,41190000
1944,3542,2,1,2,1948,Bijapur,Fair,Yes,53820000
1945,2942,4,2,2,1900,Pune,Good,No,45590000
1946,2855,2,4,2,1972,Bengaluru,Good,No,53880000
1947,4778,5,1,2,1983,Bengaluru,Fair,No,52530000
1948,3057,5,3,3,1952,Bengaluru,Poor,Yes,16490000
1949,1045,2,1,2,1982,Mumbai,Excellent,No,30520000
1950,4335,4,2,2,1999,Mumbai,Good,No,45460000
1951,1093,2,1,1,2023,Mumbai,Poor,No,20140000
1952,4304,5,4,3,1939,Pune,Poor,Yes,29580000
1953,1959,5,3,1,1944,Bengaluru,Good,Yes,27260000
1954,3993,3,2,1,1967,Bijapur,Good,No,51360000
1955,3101,3,3,1,1908,Pune,Poor,No,52410000
1956,2944,1,3,3,2004,Pune,Excellent,No,45330000
1957,3172,5,2,1,1921,Pune,Fair,No,22580000
1958,4700,3,3,1,1917,Bijapur,Good,Yes,22720000
1959,516,2,3,1,1975,Bengaluru,Fair,No,54120000
1960,3691,4,1,2,2005,Mumbai,Poor,Yes,54260000
1961,892,2,3,1,1942,Bengaluru,Fair,No,26470000
1962,924,4,3,3,1938,Bengaluru,Excellent,Yes,42090000
1963,1071,3,3,3,1972,Pune,Poor,Yes,51810000
1964,4131,1,3,2,1905,Pune,Excellent,No,53910000
1965,1620,2,2,3,1982,Pune,Poor,Yes,33200000
1966,741,2,4,3,1947,Mumbai,Excellent,No,39730000
1967,4397,2,1,2,2010,Mumbai,Poor,Yes,37910000
1968,4595,4,3,1,1906,Mumbai,Excellent,Yes,30510000
1969,2779,3,3,2,1979,Bengaluru,Poor,No,24540000
1970,1288,2,2,1,1968,Pune,Excellent,No,30280000
1971,1214,2,4,1,1915,Bijapur,Poor,Yes,27440000
1972,3349,1,3,3,1900,Bengaluru,Excellent,Yes,56110000
1973,1275,1,2,2,2014,Mumbai,Good,No,40500000
1974,4526,3,1,3,1936,Bijapur,Fair,No,53420000
1975,2747,3,1,3,2002,Bijapur,Poor,No,21370000
1976,578,5,3,1,1982,Pune,Excellent,Yes,22100000
1977,4426,1,3,3,2017,Bijapur,Good,No,22180000
1978,1355,5,4,2,1936,Mumbai,Poor,No,25070000
1979,2648,4,4,3,1980,Pune,Poor,Yes,44930000
1980,1531,5,3,3,1963,Bijapur,Poor,No,53670000
1981,3771,2,2,1,1989,Pune,Fair,No,50550000
1982,4076,5,4,2,1985,Bijapur,Excellent,No,38490000
1983,4682,3,3,3,1961,Bengaluru,Excellent,No,37930000
1984,3956,4,4,1,1971,Bengaluru,Poor,Yes,36880000
1985,4006,2,3,3,1960,Mumbai,Poor,No,47580000
1986,907,5,1,2,1932,Bengaluru,Poor,No,46300000
1987,3211,4,3,3,1965,Bengaluru,Good,No,24880000
1988,3588,4,1,3,1929,Bengaluru,Poor,No,15640000
1989,2168,2,4,1,2010,Bijapur,Fair,No,31300000
1990,647,5,3,3,1919,Bijapur,Excellent,No,16030000
1991,4827,4,4,1,1959,Pune,Fair,Yes,48260000
1992,4397,4,1,2,1981,Bijapur,Poor,Yes,49790000
1993,2450,1,3,3,2006,Bengaluru,Good,Yes,20550000
1994,865,4,4,2,2020,Bijapur,Poor,No,26700000
1995,2174,1,1,2,1973,Mumbai,Poor,No,37820000
1996,4994,5,4,3,1923,Pune,Poor,No,26620000
1997,3046,5,2,1,2019,Pune,Poor,Yes,38100000
1998,1062,5,1,2,1903,Bijapur,Poor,No,31570000
1999,4062,3,1,2,1936,Bengaluru,Excellent,Yes,19630000
2000,2989,5,1,3,1903,Pune,Fair,No,36670000
